Page Title,Slug,Type,Description,Meta Title,Meta Description,Breadcrumb,Canonical URL,Filter URL,Total Listings,Featured Count,Top Category,Top Areas,Common Amenities,Sample Listings,Hero Image URL,Featured
Cabins & Cottages,cabins-and-cottages,Cabins & Cottages,"Escape to rustic mountain cabins and charming cottages nestled in the Blue Ridge Mountains. These accommodations offer a perfect blend of comfort and natural beauty, many featuring fireplaces, mountain views, and proximity to hiking trails, wineries, and outdoor recreation.","Cabins & Cottages | Nelson County, Virginia - Directory","Discover cabins & cottages options in Nelson County, Virginia. Find listings in Afton, Roseland and throughout the Blue Ridge Mountains. Browse details, get directions, and plan your visit.",Home > Cabins & Cottages,https://www.nelsoncounty-va.gov/cabins-and-cottages,?type=Cabins & Cottages,104,0,Stay,"Afton, Roseland, Nellysford, Wintergreen Resort, Faber","Cabins, Lodging, Scenic Views, Outdoor Seating, Pet Friendly","Crestvue Cottage, Sentosa Cabin, Pachi's Ridge",,true
Whole House Rentals,whole-house-rentals,Whole House Rentals,"Rent an entire home for your Nelson County getaway, from spacious mountain retreats to cozy family-friendly houses. Perfect for groups, families, or extended stays, these whole house rentals offer privacy, full kitchens, and often stunning Blue Ridge Mountain views.","Whole House Rentals | Nelson County, Virginia - Directory","Discover whole house rentals options in Nelson County, Virginia. Find listings in Wintergreen Resort, Roseland and throughout the Blue Ridge Mountains. Browse details, get directions, and plan your visit.",Home > Whole House Rentals,https://www.nelsoncounty-va.gov/whole-house-rentals,?type=Whole House Rentals,81,0,Stay,"Wintergreen Resort, Roseland, Afton, Nellysford, Montebello","Lodging, Scenic Views, Cabins, Pet Friendly, Outdoor Seating","HeartRock Retreat & Homestead, Roudy's Retreat, Straw Bale House",,true
Hikes & Trails,hikes-and-trails,Hikes & Trails,"Discover Nelson County's extensive trail network, from gentle nature walks to challenging mountain hikes in the Blue Ridge Mountains. Experience sections of the famous Appalachian Trail, along with local favorites like Crabtree Falls, the Three Ridges Wilderness, and the Mau-Har Trail.","Hikes & Trails | Nelson County, Virginia - Directory","Discover hikes & trails options in Nelson County, Virginia. Find listings in Wintergreen Resort, Montebello and throughout the Blue Ridge Mountains. Browse details, get directions, and plan your visit.",Home > Hikes & Trails,https://www.nelsoncounty-va.gov/hikes-and-trails,?type=Hikes & Trails,45,0,Outdoor,"Wintergreen Resort, Montebello, Nellysford, Tyro, Lovingston","Hiking, Biking, Water Sports, Scenic Views, Fishing","Allen Creek Nature Preserve, Appalachian Trail from Rt 56 to Harpers Creek, Blackrock Trail",,true
Farms & Orchards,farms-and-orchards,Farms & Orchards,"Connect with Nelson County's agricultural heritage at family-owned farms and orchards offering pick-your-own experiences, fresh produce, and farm markets. Many farms offer cider tastings, farm stores, and seasonal events, celebrating Virginia's farming traditions with local products and family-friendly activities.","Farms & Orchards | Nelson County, Virginia - Directory","Discover farms & orchards options in Nelson County, Virginia. Find listings in Roseland, Lovingston and throughout the Blue Ridge Mountains. Browse details, get directions, and plan your visit.",Home > Farms & Orchards,https://www.nelsoncounty-va.gov/farms-and-orchards,?type=Farms & Orchards,31,0,Experience,"Roseland, Lovingston, Afton, Tyro, Nellysford","Farm, Local Ingredients, Market, Scenic Views, Family Friendly","Dickie Brothers Orchard, Drumheller's Orchard, Saunders Brothers Farm Market",,true
Restaurants,restaurants,Restaurants,"Savor the flavors of Nelson County at locally owned restaurants featuring farm-to-table cuisine, regional specialties, and international fare. Many establishments source ingredients from local farms and orchards, ensuring fresh, seasonal menus that celebrate Virginia's agricultural heritage. From casual cafés to fine dining, these restaurants offer diverse menus, many with full kitchens preparing made-to-order meals.","Restaurants | Nelson County, Virginia - Directory","Discover restaurants options in Nelson County, Virginia. Find listings in Nellysford, Lovingston and throughout the Blue Ridge Mountains. Browse details, get directions, and plan your visit.",Home > Restaurants,https://www.nelsoncounty-va.gov/restaurants,?type=Restaurants,27,1,Taste,"Nellysford, Lovingston, Arrington, Roseland, Afton","Family Friendly, Takeout, Fishing, Full Kitchen, Beer","Sweet Bliss Bakery, Indian Oven, Ann's Family Restaurant",,true
Markets & Delis,markets-and-delis,Markets & Delis,"Stock up on essentials and grab a bite at Nelson County's markets and delis, serving everything from breakfast biscuits to fried chicken and deli sandwiches. These local establishments are perfect for picnics, road trip provisions, and quick meals, many featuring homemade baked goods, daily specials, and local specialties.","Markets & Delis | Nelson County, Virginia - Directory","Discover markets & delis options in Nelson County, Virginia. Find listings in Schuyler, Afton and throughout the Blue Ridge Mountains. Browse details, get directions, and plan your visit.",Home > Markets & Delis,https://www.nelsoncounty-va.gov/markets-and-delis,?type=Markets & Delis,13,1,Community,"Schuyler, Afton, Lovingston, Nellysford, Roseland","Deli, Market, Breakfast, Fuel, Lunch","Afton Market, Ashley's Market, Chicken Coop",,true
Breweries & Cideries,breweries-and-cideries,Breweries & Cideries,"Experience Nelson County's thriving craft beverage scene at breweries and cideries along the Nelson 151 and Nelson 29 trails. Sample award-winning beers and hard ciders made from Virginia apples, enjoy tastings and flights, and experience the craft behind each pour. Many locations feature live music, food trucks, outdoor seating, and scenic mountain views, creating welcoming taprooms perfect for gathering with friends and family.","Breweries & Cideries | Nelson County, Virginia - Directory","Discover breweries & cideries options in Nelson County, Virginia. Find listings in Afton, Roseland and throughout the Blue Ridge Mountains. Browse details, get directions, and plan your visit.",Home > Breweries & Cideries,https://www.nelsoncounty-va.gov/breweries-and-cideries,?type=Breweries & Cideries,11,0,Experience,"Afton, Roseland, Nellysford, Lovingston, Arrington","Tastings, Beer, Cider, Outdoor Seating, Scenic Views","Blue Mountain Brewery, Blue Mountain Barrel House, Blue Toad Hard Cider",,true
Vineyards & Wineries,vineyards-and-wineries,Vineyards & Wineries,"Sip award-winning wines at Nelson County's vineyards and wineries, many offering panoramic Blue Ridge Mountain views and terraced vineyards. From cool-climate varietals to sparkling wines produced using traditional methods, these wineries host tastings, tours, and special events throughout the year. Many locations feature expansive patios and outdoor spaces where you can enjoy wine while taking in breathtaking mountain vistas.","Vineyards & Wineries | Nelson County, Virginia - Directory","Discover vineyards & wineries options in Nelson County, Virginia. Find listings in Afton, Faber and throughout the Blue Ridge Mountains. Browse details, get directions, and plan your visit.",Home > Vineyards & Wineries,https://www.nelsoncounty-va.gov/vineyards-and-wineries,?type=Vineyards & Wineries,11,0,Taste,"Afton, Faber, Lovingston, Roseland, Vesuvius","Wine, Farm, Tastings, Scenic Views, Outdoor Seating","Afton Mountain Vineyards, Brent Manor Vineyards, Caihailian Vineyard",,true
Bed and Breakfast,bed-and-breakfast,Bed and Breakfast,"Experience warm hospitality at Nelson County's bed and breakfasts, where historic charm meets modern comfort. These intimate accommodations often feature gourmet breakfasts, unique architecture, and personalized service in settings ranging from mountain inns to country estates.","Bed and Breakfast | Nelson County, Virginia - Directory","Discover bed and breakfast options in Nelson County, Virginia. Find listings in Afton, Nellysford and throughout the Blue Ridge Mountains. Browse details, get directions, and plan your visit.",Home > Bed and Breakfast,https://www.nelsoncounty-va.gov/bed-and-breakfast,?type=Bed and Breakfast,10,0,Stay,"Afton, Nellysford, Arrington, Lovingston, Faber","Breakfast, Lodging, Farm, Hiking, Scenic Views","Harmony Hill Bed & Breakfast, The Carriage House at Stagebridge Farm, Indigo House Bed & Breakfast",,true
Fishing,fishing,Fishing,"Cast a line in Nelson County's pristine rivers, streams, and lakes, home to trout, bass, and other freshwater fish. From the James and Rockfish Rivers to stocked trout streams and mountain lakes, anglers will find excellent fishing opportunities throughout the county.","Fishing | Nelson County, Virginia - Directory","Discover fishing options in Nelson County, Virginia. Find listings in Wintergreen Resort, Tyro and throughout the Blue Ridge Mountains. Browse details, get directions, and plan your visit.",Home > Fishing,https://www.nelsoncounty-va.gov/fishing,?type=Fishing,8,0,Outdoor,"Wintergreen Resort, Tyro, Wingina, Lowesville, Afton","Water Sports, Fishing, Scenic Views, Boating, Parking","Fishing the Tye River, Fishing the James River, Fishing the Little Piney River",,false
Activities,activities,Activities,"Discover diverse activities throughout Nelson County, from outdoor recreation to cultural experiences and entertainment. Whether you're seeking adventure, relaxation, or family fun, Nelson County offers activities for every interest and season, set against the beautiful backdrop of the Blue Ridge Mountains.","Activities | Nelson County, Virginia - Directory","Discover activities options in Nelson County, Virginia. Find listings in Wintergreen Resort, Lovingston and throughout the Blue Ridge Mountains. Browse details, get directions, and plan your visit.",Home > Activities,https://www.nelsoncounty-va.gov/activities,?type=Activities,8,0,Experience,"Wintergreen Resort, Lovingston, Montebello, Nellysford, Arrington","Scenic Views, Tastings, Biking, Outdoor Seating, Water Sports","Soaring, Skiing & Snowboarding, Tennis",,false
Vacation Rentals,vacation-rentals,Vacation Rentals,"Find your perfect vacation rental in Nelson County, from mountain cabins to spacious homes ideal for families and groups. These properties offer the comforts of home with the flexibility to explore at your own pace, many featuring full kitchens, outdoor spaces, and scenic locations in the Blue Ridge Mountains.","Vacation Rentals | Nelson County, Virginia - Directory","Discover vacation rentals options in Nelson County, Virginia. Find listings in Wintergreen Resort, Roseland and throughout the Blue Ridge Mountains. Browse details, get directions, and plan your visit.",Home > Vacation Rentals,https://www.nelsoncounty-va.gov/vacation-rentals,?type=Vacation Rentals,8,0,Stay,"Wintergreen Resort, Roseland","Pet Friendly, Scenic Views, Golf, Resort, Skiing","Slipper Slope, Eagles Court Ski In/Ski Out Condo, Cozy & Clean Wintergreen Condo (Tanners Ridge)",,false
Biking,biking,Biking,"Explore Nelson County's scenic cycling routes, from challenging mountain climbs along the Blue Ridge Parkway to leisurely rides through rolling countryside. Many routes offer stunning mountain vistas and pass through charming communities, making cycling a perfect way to experience the Blue Ridge landscape.","Biking | Nelson County, Virginia - Directory","Discover biking options in Nelson County, Virginia. Find listings in Nelson County, Piney River and throughout the Blue Ridge Mountains. Browse details, get directions, and plan your visit.",Home > Biking,https://www.nelsoncounty-va.gov/biking,?type=Biking,6,0,Outdoor,"Nelson County, Piney River, Tyro","Biking, Scenic Views, Farm, Water Sports, Hiking","Blue Ridge Parkway Loops, Oak Ridge Loop, Woodson's Mill Loop",,false
Coffee Shops,coffee-shops,Coffee Shops,"Start your day right at Nelson County's coffee shops, where locally roasted beans and artisanal brewing meet mountain hospitality. From organic roasteries roasting certified-organic beans to order to cozy cafés serving espresso and specialty drinks, these spots offer the perfect fuel for exploring the Blue Ridge Mountains.","Coffee Shops | Nelson County, Virginia - Directory","Discover coffee shops options in Nelson County, Virginia. Find listings in Wintergreen Resort, Lovingston and throughout the Blue Ridge Mountains. Browse details, get directions, and plan your visit.",Home > Coffee Shops,https://www.nelsoncounty-va.gov/coffee-shops,?type=Coffee Shops,4,1,Taste,"Wintergreen Resort, Lovingston, Afton, Nellysford","Coffee, Tea, Cafe, Seasonal Menu, Organic","Terrace Café, Trager Brothers Coffee 1.0, Trager Brothers Coffee 2.0",,false
Canoeing,canoeing,Canoeing,"Paddle through Nelson County's waterways on canoeing adventures along the James, Rockfish, and Tye Rivers. These scenic river trips offer opportunities for wildlife viewing, fishing, and peaceful exploration of the Blue Ridge foothills, with some locations providing equipment rentals and shuttle services.","Canoeing | Nelson County, Virginia - Directory","Discover canoeing options in Nelson County, Virginia. Find listings in Tyro, Wingina and throughout the Blue Ridge Mountains. Browse details, get directions, and plan your visit.",Home > Canoeing,https://www.nelsoncounty-va.gov/canoeing,?type=Canoeing,4,0,Outdoor,"Tyro, Wingina, Afton, Arrington","Water Sports, Fishing, Biking, Hiking","Tye River, James River, Rockfish River",,false
Museums & Heritage,museums-and-heritage,Museums & Heritage,"Step back in time at Nelson County's museums and heritage sites, preserving the region's rich history and culture. From Walton's Mountain Museum celebrating the famous television show to historic mills and cultural centers, these attractions offer insights into Nelson County's past and present.","Museums & Heritage | Nelson County, Virginia - Directory","Discover museums & heritage options in Nelson County, Virginia. Find listings in Schuyler, Arrington and throughout the Blue Ridge Mountains. Browse details, get directions, and plan your visit.",Home > Museums & Heritage,https://www.nelsoncounty-va.gov/museums-and-heritage,?type=Museums & Heritage,4,0,Culture,"Schuyler, Arrington, Roseland, Nellysford","Museum, Seasonal Menu, Retail, Water Sports, Fishing","Walton's Mountain Museum, Oakland Museum, Woodson's Mill",,false
Distilleries,distilleries,Distilleries,"Discover handcrafted spirits at Nelson County's distilleries, producing award-winning single malt whisky, gin, bourbon, and more. These craft distilleries use local grains and mountain water to create unique spirits, offering tours, tastings, and cocktail experiences. From small-batch operations to larger facilities, each distillery brings its own character and expertise to Virginia's growing spirits scene.","Distilleries | Nelson County, Virginia - Directory","Discover distilleries options in Nelson County, Virginia. Find listings in Roseland, Afton and throughout the Blue Ridge Mountains. Browse details, get directions, and plan your visit.",Home > Distilleries,https://www.nelsoncounty-va.gov/distilleries,?type=Distilleries,3,0,Experience,"Roseland, Afton, Lovingston","Spirits, Tastings, Cocktails, Outdoor Seating, Beer","Devils Backbone Distilling Co., Silverback Distillery, Virginia Distillery Co.",,false
Motels & Inns,motels-and-inns,Motels & Inns,"Stay at Nelson County's motels and inns, offering comfortable accommodations with easy access to attractions, dining, and outdoor recreation. These convenient lodgings provide a home base for exploring the Blue Ridge Mountains, craft beverage trails, and local communities.","Motels & Inns | Nelson County, Virginia - Directory","Discover motels & inns options in Nelson County, Virginia. Find listings in Lovingston, Roseland and throughout the Blue Ridge Mountains. Browse details, get directions, and plan your visit.",Home > Motels & Inns,https://www.nelsoncounty-va.gov/motels-and-inns,?type=Motels & Inns,3,0,Stay,"Lovingston, Roseland, Afton","Lodging, Biking, Hiking, Wi-Fi, Pet Friendly","Village Inn, Piedmont Grove Lodging, Basecamp 151",,false
Golf,golf,Golf,"Tee off at Nelson County's golf courses, featuring challenging layouts set against the stunning backdrop of the Blue Ridge Mountains. From resort courses to public facilities, golfers can enjoy well-maintained fairways, scenic views, and year-round play in Virginia's mountain climate.","Golf | Nelson County, Virginia - Directory","Discover golf options in Nelson County, Virginia. Find listings in Wintergreen Resort and throughout the Blue Ridge Mountains. Browse details, get directions, and plan your visit.",Home > Golf,https://www.nelsoncounty-va.gov/golf,?type=Golf,2,0,Experience,Wintergreen Resort,"Resort, Golf, Scenic Views, Water Sports, Fishing","Devils Knob Golf Course, Stoney Creek Golf Course",,false
Horseback Riding,horseback-riding,Horseback Riding,"Saddle up for horseback riding adventures through Nelson County's scenic trails and countryside. Experience the Blue Ridge Mountains from a unique perspective, with guided trail rides suitable for all skill levels, offering a peaceful way to explore the natural beauty of the region.","Horseback Riding | Nelson County, Virginia - Directory","Discover horseback riding options in Nelson County, Virginia. Find listings in Nelson County, Afton and throughout the Blue Ridge Mountains. Browse details, get directions, and plan your visit.",Home > Horseback Riding,https://www.nelsoncounty-va.gov/horseback-riding,?type=Horseback Riding,2,0,Experience,"Nelson County, Afton","Hiking, Equestrian, Biking, Scenic Views, Family Friendly","Appalachian Horse Adventures, Rebel's Run at Afton Mountain",,false
Campgrounds & Glamping,campgrounds-and-glamping,Campgrounds & Glamping,"Sleep under the stars at Nelson County's campgrounds and glamping sites, from primitive tent sites to luxurious outdoor accommodations. Many locations offer proximity to hiking trails, rivers, and craft beverage destinations, making them ideal basecamps for outdoor adventures in the Blue Ridge Mountains.","Campgrounds & Glamping | Nelson County, Virginia - Directory","Discover campgrounds & glamping options in Nelson County, Virginia. Find listings in Montebello, Roseland and throughout the Blue Ridge Mountains. Browse details, get directions, and plan your visit.",Home > Campgrounds & Glamping,https://www.nelsoncounty-va.gov/campgrounds-and-glamping,?type=Campgrounds & Glamping,2,0,Stay,"Montebello, Roseland","Pet Friendly, Scenic Views, Events, Family Friendly, Cabins","Camp Blue Ridge, Devils Backbone Camp",,false
Swimming,swimming,Swimming,"Cool off in Nelson County's swimming spots, from mountain lakes and resort pools to natural swimming holes along rivers and streams. Many locations offer sandy beaches, picnic areas, and water recreation facilities for families and outdoor enthusiasts seeking relief from summer heat.","Swimming | Nelson County, Virginia - Directory","Discover swimming options in Nelson County, Virginia. Find listings in Montebello and throughout the Blue Ridge Mountains. Browse details, get directions, and plan your visit.",Home > Swimming,https://www.nelsoncounty-va.gov/swimming,?type=Swimming,1,0,Experience,Montebello,"Pool, Outdoor Seating, Seasonal Menu, Resort, Water Sports",Swimming,,false
Guided Tours,guided-tours,Guided Tours,"Explore Nelson County with expert guides on tours covering everything from craft beverage tastings to outdoor adventures and historical sites. These guided experiences offer insider knowledge, safety for challenging activities, and curated itineraries showcasing the best of Nelson County.","Guided Tours | Nelson County, Virginia - Directory","Discover guided tours options in Nelson County, Virginia. Find listings in Nelson County and throughout the Blue Ridge Mountains. Browse details, get directions, and plan your visit.",Home > Guided Tours,https://www.nelsoncounty-va.gov/guided-tours,?type=Guided Tours,1,0,Experience,Nelson County,"Wine, Hiking, Equestrian, Farm, Tastings",Indian Summer Guide Service,,false
Art & Artisans,art-and-artisans,Art & Artisans,"Explore Nelson County's vibrant arts scene at galleries, studios, and artisan shops showcasing local talent. From pottery and glassblowing studios to paintings and handcrafted goods, these venues celebrate the creativity and craftsmanship of Nelson County artists.","Art & Artisans | Nelson County, Virginia - Directory","Discover art & artisans options in Nelson County, Virginia. Find listings in Afton and throughout the Blue Ridge Mountains. Browse details, get directions, and plan your visit.",Home > Art & Artisans,https://www.nelsoncounty-va.gov/art-and-artisans,?type=Art & Artisans,1,0,Community,Afton,"Retail, Museum, Fishing",Glass Hollow Studio & Gallery,,false
