Page Title,Slug,Area,Description,Meta Title,Meta Description,Keywords,Breadcrumb,Canonical URL,Filter URL,Total Listings,Featured Count,Top Category,Categories Available,Sample Listings,Hero Image URL,Featured
Wintergreen Resort,wintergreen-resort,Wintergreen Resort,"Premier year-round mountain resort spanning 11,000 acres atop the Blue Ridge Mountains. In winter, enjoy skiing, snowboarding, and Virginia's largest tubing park, The Plunge. During warmer months, explore hiking trails, play golf at Devils Knob, or relax at the Aquatics and Fitness Center. Lake Monocan Park at Stoney Creek offers swimming from Memorial Day Weekend through Labor Day. Dine at The Copper Mine Bistro in Blackrock Village for traditional breakfast or innovative Mediterranean dinners, or enjoy casual fare with mountain views at The Edge. The resort offers extensive lodging from studio rooms to multi-bedroom condominiums and private homes, each with access to exclusive Wintergreen amenities.","Wintergreen Resort | Nelson County, Virginia - Things to Do & Attractions","Experience Wintergreen Resort - 11,000-acre mountain destination with skiing, snowboarding, golf, hiking, and year-round recreation. Stay in mountain lodges, condos, or private homes with resort amenities.","Wintergreen Resort, Wintergreen Resort Virginia, Nelson County, things to do Wintergreen Resort, Stay in Wintergreen Resort, Outdoor in Wintergreen Resort, Experience in Wintergreen Resort, Whole House Rentals Wintergreen Resort, Hikes & Trails Wintergreen Resort, Cabins & Cottages Wintergreen Resort",Home > Wintergreen Resort,https://www.nelsoncounty-va.gov/wintergreen-resort,?area=Wintergreen Resort,93,0,Stay,"Stay, Outdoor, Experience, Taste, Community","Terrace Café, The Market at Wintergreen, The Edge",,true
Afton,afton,Afton,"The Village of Afton is found in the foothills of the ancient Blue Ridge Mountains. The Rockfish Gap, a famous wind gap in the Blue Ridge, runs through Afton Mountain. Afton attracts people from around the world, be it to live there permanently or to visit. Also found in Afton is the beginning of the well-known and well-traveled Nelson 151, a craft beverage trail that features wineries, breweries, cideries, and distilleries. With year-round festivals and events, there's something to do in Afton every season of the year! Route 151 is one of Nelson County's seven designated Virginia Scenic Byways, offering views of gorgeous, manicured vineyards, leafy forests, and verdant fields. Visit the historic Blue Ridge Tunnel, a restored railroad tunnel now serving as a shared-use trail for hikers and cyclists. Explore Swannanoa, an opulent Italianate marble villa from 1911 with panoramic views of the Shenandoah and Rockfish Valleys.","Afton | Nelson County, Virginia - Things to Do & Attractions","Explore Afton, Virginia - home to the Nelson 151 craft beverage trail, Blue Ridge Tunnel, Swannanoa Mansion, and year-round festivals. Find wineries, breweries, distilleries, and scenic mountain views in the Blue Ridge foothills.","Afton, Afton Virginia, Nelson County, things to do Afton, Stay in Afton, Taste in Afton, Experience in Afton, Cabins & Cottages Afton, Whole House Rentals Afton, Vineyards & Wineries Afton",Home > Afton,https://www.nelsoncounty-va.gov/afton,?area=Afton,70,0,Stay,"Stay, Taste, Experience, Outdoor, Culture, Community","Trager Brothers Coffee 2.0, Afton Market, Ashley's Market",,true
Roseland,roseland,Roseland,"Gateway to Wintergreen Resort, Roseland sits in the heart of the Blue Ridge Mountains. Home to Devils Backbone Brewing Company, one of Virginia's most celebrated breweries, where hikers and skiers swap trail stories over award-winning European-style lagers. Experience Devils Backbone Camp with camping options ranging from full-hook-up RV sites to rustic tent sites, featuring a bier garden, live music, and proximity to hiking, golf, and skiing. Visit Blue Toad Hard Cider, crafting approachable blends from locally grown Virginia and New York apples. Roseland offers the perfect basecamp for mountain adventures, whether you're hitting the slopes at Wintergreen or exploring the Appalachian Trail.","Roseland | Nelson County, Virginia - Things to Do & Attractions","Visit Roseland, Virginia - gateway to Wintergreen Resort. Experience Devils Backbone Brewing Company, Devils Backbone Camp, Blue Toad Hard Cider, and easy access to skiing, hiking, and mountain recreation.","Roseland, Roseland Virginia, Nelson County, things to do Roseland, Stay in Roseland, Experience in Roseland, Taste in Roseland, Whole House Rentals Roseland, Cabins & Cottages Roseland, Farms & Orchards Roseland",Home > Roseland,https://www.nelsoncounty-va.gov/roseland,?area=Roseland,55,0,Stay,"Stay, Experience, Taste, Community, Culture","Hickman's Exxon Grocery, Mac's Country Store, Devils Backbone Brewing",,true
Nellysford,nellysford,Nellysford,"Located along the celebrated Nelson 151 craft beverage trail, Nellysford is a vibrant community where wineries, breweries, cideries, and distilleries come together. Spend a day at Lake Monocan Park, a 20-acre lake offering canoeing, kayaking, paddle boating, fishing, and a sandy beach. Hike the Rockfish Valley Loop Trail, a 4-mile path following the South Fork of the Rockfish River, ideal for wildlife viewing. Visit the Rockfish Valley Natural History Center to see exhibits from the Virginia Museum of Natural History, including taxidermied native wildlife. Explore Spruce Creek Park at the trailhead of the Rockfish Valley Loop Trails, or enjoy a picnic at Bold Rock Hard Cider on the deck or by the river.","Nellysford | Nelson County, Virginia - Things to Do & Attractions","Discover Nellysford, Virginia on the Nelson 151 trail. Enjoy Lake Monocan Park, Rockfish Valley hiking trails, Bold Rock Hard Cider, and the Natural History Center. Perfect for outdoor recreation and craft beverages.","Nellysford, Nellysford Virginia, Nelson County, things to do Nellysford, Stay in Nellysford, Taste in Nellysford, Community in Nellysford, Cabins & Cottages Nellysford, Restaurants Nellysford, Whole House Rentals Nellysford",Home > Nellysford,https://www.nelsoncounty-va.gov/nellysford,?area=Nellysford,43,1,Stay,"Stay, Taste, Community, Experience, Outdoor","Sweet Bliss Bakery, Graves Grocery & Deli, IGA Blue Ridge Grocery",,true
Lovingston,lovingston,Lovingston,"As the county seat of Nelson County, Lovingston features a historic district with locally owned shops, lodging, and dining options. It's a central hub for exploring the Nelson 29 craft beverage trail, which includes wineries, breweries, and distilleries. The Rockfish River offers opportunities for kayaking, fishing, and wildlife observation. Visit the Village of Lovingston Farmers Market on Wednesday afternoons for local produce, baked goods, and handcrafted items. Explore Fortune's Cove Preserve, a 5-mile mountainous hike with seven viewpoints and a stream, maintained by The Nature Conservancy. Sip fresh espresso at Trager Brothers Coffee, a family-owned organic roastery roasting certified-organic beans to order.","Lovingston | Nelson County, Virginia - Things to Do & Attractions","Explore Lovingston, Virginia - the county seat of Nelson County. Discover the historic district, Nelson 29 craft beverage trail, Rockfish River recreation, farmers market, and Fortune's Cove Preserve hiking.","Lovingston, Lovingston Virginia, Nelson County, things to do Lovingston, Taste in Lovingston, Experience in Lovingston, Stay in Lovingston, Restaurants Lovingston, Cabins & Cottages Lovingston, Farms & Orchards Lovingston",Home > Lovingston,https://www.nelsoncounty-va.gov/lovingston,?area=Lovingston,32,1,Taste,"Taste, Experience, Stay, Outdoor, Community","Trager Brothers Coffee 1.0, Chicken Coop, Indian Oven",,true
Montebello,montebello,Montebello,"Home to Crabtree Falls, the highest cascading waterfall east of the Mississippi River. The falls consist of five major cascades totaling nearly 1,200 feet, with the first overlook accessible via a gentle, paved trail just 700 feet from the upper parking lot. The entire hike provides continuous views of the falls, making it a favorite among photographers and nature enthusiasts. Visit the Montebello Fish Hatchery, producing approximately 150,000 Brook, Rainbow, and Brown trout annually, with a nature trail and pollinator plots. Explore the Montebello Nature Trail, a short 0.5-mile path following a small stream lined with diverse ferns, native shrubs, and wildflowers. Stop at the Montebello Country Store & Café, a five-generation family operation offering groceries, camping supplies, custom apparel, and bowls of chili just minutes from trout streams and the falls.","Montebello | Nelson County, Virginia - Things to Do & Attractions","Visit Montebello, Virginia - home to Crabtree Falls, the highest cascading waterfall east of the Mississippi. Explore the fish hatchery, nature trails, and historic country store in the Blue Ridge Mountains.","Montebello, Montebello Virginia, Nelson County, things to do Montebello, Stay in Montebello, Outdoor in Montebello, Taste in Montebello, Cabins & Cottages Montebello, Hikes & Trails Montebello, Whole House Rentals Montebello",Home > Montebello,https://www.nelsoncounty-va.gov/montebello,?area=Montebello,19,0,Stay,"Stay, Outdoor, Taste, Experience, Culture","Montebello Country Store & Cafe, Crabtree Falls, Montebello Nature Trail",,false
Arrington,arrington,Arrington,"Features Lake Nelson, a 40-acre reservoir managed by the Virginia Department of Game and Inland Fisheries, offering boating and fishing with a boat ramp and parking area available from March to September. Visit the Oakland Museum, housed in a historic tavern with exhibits on rural electrification in the 1930s and the impact of Hurricane Camille in 1969. Experience Blue Mountain Barrel House, one of the East Coast's largest barrel-aging programs, with a year-round tasting room and sweeping Nelson County views. Enjoy pub fare at Smokin' Barrel Restaurant inside the Barrel House, serving brewery-friendly comfort food alongside craft beers.","Arrington | Nelson County, Virginia - Things to Do & Attractions","Explore Arrington, Virginia - home to Lake Nelson for boating and fishing, the Oakland Museum, and Blue Mountain Barrel House with barrel-aged beers and mountain views.","Arrington, Arrington Virginia, Nelson County, things to do Arrington, Stay in Arrington, Taste in Arrington, Experience in Arrington, Restaurants Arrington, Cabins & Cottages Arrington, Farms & Orchards Arrington",Home > Arrington,https://www.nelsoncounty-va.gov/arrington,?area=Arrington,15,0,Stay,"Stay, Taste, Experience, Outdoor, Culture, Community","Colleen Deli, Ann's Family Restaurant, Smokin' Barrel Restaurant",,false
Tyro,tyro,Tyro,"Adventure hub for serious hikers and outdoor enthusiasts. Home to the Three Ridges Wilderness Area, featuring a challenging 13.3-mile loop trail that combines the Appalachian Trail with the blue-blazed Mau-Har Trail, creating one of the best loop trails in Virginia. The rugged terrain includes the 50-foot Campbell's Creek waterfall and offers a strenuous yet rewarding two-day hiking experience. Access the trails from Route 56 or Reeds Gap/Route 664. Visit Silver Creek Orchards, a seventh-generation family-owned farm offering over 20 apple varieties with pick-your-own events on the second weekends of September and October. Stay at Parr's Camp, a restored rustic fishing cabin from the 1940s on 70 acres bordering the George Washington National Forest and the Tye River, or High Lonesome Cabin, a secluded retreat minutes from Crabtree Falls.","Tyro | Nelson County, Virginia - Things to Do & Attractions","Explore Tyro, Virginia - gateway to Three Ridges Wilderness, Mau-Har Trail, and Appalachian Trail hiking. Experience challenging mountain trails, waterfalls, and family orchards in the Blue Ridge.","Tyro, Tyro Virginia, Nelson County, things to do Tyro, Outdoor in Tyro, Experience in Tyro, Stay in Tyro, Hikes & Trails Tyro, Farms & Orchards Tyro, Cabins & Cottages Tyro",Home > Tyro,https://www.nelsoncounty-va.gov/tyro,?area=Tyro,13,0,Outdoor,"Outdoor, Experience, Stay","Appalachian Trail from Rt 56 to Harpers Creek, Mau-Har Trail, Three Ridges",,false
Faber,faber,Faber,"Part of the scenic Nelson 29 craft beverage trail, a 20-mile route connecting craft beverage producers between Arrington and Faber. Visit Mountain and Vine Vineyards & Winery, situated in the Monticello AVA wine region. Tour one of Virginia's only terraced vineyards, taste a variety of wines from Merlot to Petit Manseng, and enjoy picnics by the lake. The winery hosts events throughout the year, including food and wine pairings and French crêpe days. Mountain and Vine is celebrated for award-winning wines, including the 2023 Virginia Governor's Cup Champion. Nearby, Brent Manor Vineyards offers a fusion of Old World Portuguese and New World Virginian wine traditions. Stay at the Acorn Inn, offering cottage, B&B, and group retreat accommodations in this charming wine country setting.","Faber | Nelson County, Virginia - Things to Do & Attractions","Discover Faber, Virginia on the Nelson 29 craft beverage trail. Visit Mountain and Vine Winery with terraced vineyards, award-winning wines, and scenic lake picnics. Experience wine country in the Monticello AVA.","Faber, Faber Virginia, Nelson County, things to do Faber, Stay in Faber, Taste in Faber, Cabins & Cottages Faber, Vineyards & Wineries Faber, Whole House Rentals Faber",Home > Faber,https://www.nelsoncounty-va.gov/faber,?area=Faber,12,0,Stay,"Stay, Taste","Brent Manor Vineyards, Mountain and Vine Winery, Acorn Inn, Inc (Cottage, B&B and Group Retreat)",,false
Schuyler,schuyler,Schuyler,"Step into television history at Walton's Mountain Museum, dedicated to the 1960s show ""The Waltons."" The museum features replicas of the show's sets, including John-Boy's bedroom and Ike Godsey's store, along with a 30-minute video featuring creator Earl Hamner Jr. and the cast. Visit the Walton Hamner House across from the museum, the childhood home of Earl Hamner Jr. Explore The Quarry Gardens at Schuyler, a 40-acre botanical garden on the site of six former soapstone quarries, featuring over 600 species of plants and animals, two miles of walking trails, native plant galleries, and visitor center exhibits. Don't miss the LOVEWorks Sign, part of Virginia's initiative celebrating ""Virginia is for Lovers.""","Schuyler | Nelson County, Virginia - Things to Do & Attractions","Discover Schuyler, Virginia - home to Walton's Mountain Museum, The Quarry Gardens botanical garden, and the Walton Hamner House. Experience television history and natural beauty in the Blue Ridge.","Schuyler, Schuyler Virginia, Nelson County, things to do Schuyler, Community in Schuyler, Stay in Schuyler, Taste in Schuyler, Markets & Delis Schuyler, Hikes & Trails Schuyler, Museums & Heritage Schuyler",Home > Schuyler,https://www.nelsoncounty-va.gov/schuyler,?area=Schuyler,8,1,Community,"Community, Stay, Taste, Outdoor, Culture, Experience","Corner Market, Ike's Market & Deli, Williams Grocery",,false
Nelson County,nelson-county,Nelson County,"The first 35 miles of the Blue Ridge Parkway traverse Nelson County, offering stunning vistas of forested peaks, rolling foothills, and agricultural communities. Numerous overlooks provide opportunities for picnics and photography. Experience the Nelson Scenic Loop, a 50-mile auto and bike tour encompassing Route 151, Route 664, the Blue Ridge Parkway, and Route 56, showcasing the county's natural, cultural, and historic attractions. The loop traverses both the lower foothills of the Piedmont and the summits of Virginia's Blue Ridge Mountains. Nelson County is home to three famous craft beverage trails: Nelson 151, Nelson 29, and the Virginia Spirits Trail, each offering unique experiences with wineries, breweries, cideries, and distilleries set against the backdrop of the ancient Blue Ridge Mountains.","Nelson County | Nelson County, Virginia - Things to Do & Attractions","Explore Nelson County, Virginia - where the Blue Ridge Parkway begins, featuring the Nelson Scenic Loop, three craft beverage trails, and stunning mountain vistas. Discover outdoor adventures, historic sites, and local culture.","Nelson County, Nelson County Virginia, Nelson County, things to do Nelson County, Outdoor in Nelson County, Experience in Nelson County, Stay in Nelson County, Biking Nelson County, Horseback Riding Nelson County, Hikes & Trails Nelson County",Home > Nelson County,https://www.nelsoncounty-va.gov/nelson-county,?area=Nelson County,8,0,Outdoor,"Outdoor, Experience, Stay","Blue Ridge Parkway Loops, Oak Ridge Loop, Woodson's Mill Loop",,false
Piney River,piney-river,Piney River,"Rural area featuring Saunders Brothers Farm Market, known for peaches, apples, and local produce. The market pairs homegrown fruits with a country shop featuring meats, baked goods, peach ice cream, and weekend events with live music. Explore the farm museum and enjoy seasonal farm experiences throughout the year. Hike or bike the Virginia Blue Ridge Railway Trail, a 7-mile trail open year-round that follows the scenic route along the Piney and Tye Rivers, featuring wildflowers from spring through summer and abundant wildlife. The main trailhead is on SR 151 in Piney River with ample parking and restroom facilities.","Piney River | Nelson County, Virginia - Things to Do & Attractions","Discover Piney River, Virginia - home to Saunders Brothers Farm Market with fresh peaches, apples, local produce, and the Virginia Blue Ridge Railway Trail for hiking and biking along the rivers.","Piney River, Piney River Virginia, Nelson County, things to do Piney River, Outdoor in Piney River, Experience in Piney River, Hikes & Trails Piney River, Farms & Orchards Piney River, Biking Piney River",Home > Piney River,https://www.nelsoncounty-va.gov/piney-river,?area=Piney River,4,0,Outdoor,"Outdoor, Experience","Saunders Brothers Farm Market, Kids in Parks: Virginia Blue Ridge Railway Trail, North Fork of the Piney River",,false
Shipman,shipman,Shipman,"Riverside community along the James and Tye Rivers, offering prime fishing and water recreation opportunities. Convenient access to river activities and nearby attractions, making it an ideal basecamp for anglers and outdoor enthusiasts exploring the waterways of Nelson County.","Shipman | Nelson County, Virginia - Things to Do & Attractions","Visit Shipman, Virginia - riverside community on the James and Tye Rivers. Perfect for fishing, water recreation, and outdoor adventures in Nelson County.","Shipman, Shipman Virginia, Nelson County, things to do Shipman, Experience in Shipman, Stay in Shipman, Farms & Orchards Shipman, Whole House Rentals Shipman, Bed and Breakfast Shipman",Home > Shipman,https://www.nelsoncounty-va.gov/shipman,?area=Shipman,4,0,Experience,"Experience, Stay","Hungry Hill Farm, Virginia Chestnuts, Woodland Hideaway",,false
Wingina,wingina,Wingina,"Riverside community along the James River, offering excellent fishing opportunities for smallmouth bass, various sunfish species, and channel catfish. The James River flows through this scenic area, providing access for canoeing, kayaking, and wildlife observation. The area's proximity to the river makes it ideal for anglers and water recreation enthusiasts exploring the James River corridor in Nelson County.","Wingina | Nelson County, Virginia - Things to Do & Attractions","Visit Wingina, Virginia - riverside community on the James River. Perfect for fishing, canoeing, kayaking, and water recreation in scenic Nelson County.","Wingina, Wingina Virginia, Nelson County, things to do Wingina, Outdoor in Wingina, Experience in Wingina, Canoeing Wingina, Fishing Wingina, Farms & Orchards Wingina",Home > Wingina,https://www.nelsoncounty-va.gov/wingina,?area=Wingina,3,0,Outdoor,"Outdoor, Experience","James River, Fishing the James River, Robinia Institute",,false
Lyndhurst,lyndhurst,Lyndhurst,"Home to Humpback Rocks, one of the most popular destinations along the Blue Ridge Parkway at milepost 5.8. The Humpback Rocks Trail is a 2.0-mile loop that ascends approximately 740 feet to the peak, providing hikers with a 360-degree view of the surrounding terrain. From the summit, visitors can see into the southern section of Shenandoah National Park to the north, a patchwork of farms to the east, and the thick woods and mountain ridges of the George Washington National Forest to the southwest. The granite outcrop at Humpback Rocks offers Virginia's premier traditional climbing routes, with clean, solid granite featuring classic Blue Ridge routes that demand both technical skill and mental fortitude. The Humpback Rocks Visitor Center is fully ADA accessible and serves as an excellent starting point for exploring the area.","Lyndhurst | Nelson County, Virginia - Things to Do & Attractions","Discover Lyndhurst, Virginia - home to Humpback Rocks on the Blue Ridge Parkway. Experience panoramic mountain views, challenging hiking trails, and premier rock climbing routes with 360-degree vistas.","Lyndhurst, Lyndhurst Virginia, Nelson County, things to do Lyndhurst, Outdoor in Lyndhurst, Stay in Lyndhurst, Hikes & Trails Lyndhurst, Cabins & Cottages Lyndhurst",Home > Lyndhurst,https://www.nelsoncounty-va.gov/lyndhurst,?area=Lyndhurst,2,0,Outdoor,"Outdoor, Stay","Humpback Rocks, Love Ridge Mountain Lodging",,false
Gladstone,gladstone,Gladstone,"Home to James River State Park, spanning over 1,500 acres of rolling meadows and quiet forests. The park features over 15 miles of multi-use trails suitable for hiking, biking, and horseback riding. With three miles of river frontage along the James River, visitors can enjoy spectacular views, boat launches, and picnic areas. A full-service canoe livery operates seasonally, providing equipment rentals and shuttle services for canoeing, kayaking, and tubing on the river. Fishing enthusiasts can explore the park's three ponds—Branch Pond, Green Hill Pond, and Taylor Pond—as well as the James River itself. Accommodations include primitive camping sites, electric/water campsites, cabins, and picnic shelters, making it an ideal destination for outdoor recreation and relaxation.","Gladstone | Nelson County, Virginia - Things to Do & Attractions","Explore Gladstone, Virginia - home to James River State Park with 1,500 acres, 15+ miles of trails, river frontage, canoe livery, fishing ponds, and camping facilities along the James River.","Gladstone, Gladstone Virginia, Nelson County, things to do Gladstone, Outdoor in Gladstone, Community in Gladstone, Hikes & Trails Gladstone, Farms & Orchards Gladstone",Home > Gladstone,https://www.nelsoncounty-va.gov/gladstone,?area=Gladstone,2,0,Outdoor,"Outdoor, Community","James River State Park, Turnip the Beets Farm",,false
Vesuvius,vesuvius,Vesuvius,"Mountain community home to 12 Ridges Vineyard, a family-owned vineyard situated at an elevation of 3,300 feet on the Blue Ridge Parkway. The vineyard offers panoramic 360-degree hilltop views from over 7,500 square feet of outdoor patio space. Specializing in cool-climate wines, including chardonnay, riesling, pinot gris, and pinot noir, with a particular focus on producing exceptional sparkling wines using the Traditional Method, similar to that of the Champagne region in France. The vineyard also serves as a venue for weddings and events, offering a picturesque mountain setting with breathtaking views of the Blue Ridge Mountains.","Vesuvius | Nelson County, Virginia - Things to Do & Attractions","Visit Vesuvius, Virginia - home to 12 Ridges Vineyard at 3,300 feet elevation on the Blue Ridge Parkway. Experience cool-climate wines, sparkling wines, and panoramic 360-degree mountain views.","Vesuvius, Vesuvius Virginia, Nelson County, things to do Vesuvius, Stay in Vesuvius, Cabins & Cottages Vesuvius, Vineyards & Wineries Vesuvius",Home > Vesuvius,https://www.nelsoncounty-va.gov/vesuvius,?area=Vesuvius,2,0,Stay,Stay,"Nonny Cottage, 12 Ridges Vineyard",,false
Lowesville,lowesville,Lowesville,"Historic community featuring Woodson's Mill, a water-powered grist mill built in 1794 by Guiliford Campbell. The original four-story, 32-foot square structure has been owned and maintained by several families over the years, with the Fulcher family adding two millstones in the 1840s that are still operational today. Dr. Julian B. Woodson expanded the mill in the early 20th century, incorporating an icehouse, sawmill, and foundry. After restoration in the early 1980s, the mill continues to produce stone-ground grain products. Deep Roots Milling operates at the mill one Sunday each month, offering a variety of flours and meals made from regionally grown grains. Adjacent to the mill is the Woodson's Mill House, a Craftsman-style home available for lodging, providing visitors an opportunity to stay near this historic landmark.","Lowesville | Nelson County, Virginia - Things to Do & Attractions","Discover Lowesville, Virginia - home to Woodson's Mill, a historic 1794 water-powered grist mill still producing stone-ground grains. Experience living history and traditional milling processes.","Lowesville, Lowesville Virginia, Nelson County, things to do Lowesville, Outdoor in Lowesville, Fishing Lowesville",Home > Lowesville,https://www.nelsoncounty-va.gov/lowesville,?area=Lowesville,1,0,Outdoor,Outdoor,Fishing the Little Piney River,,false
Commonwealth of Virginia,commonwealth-of-virginia,Commonwealth of Virginia,"The Virginia Spirits Trail encompasses distilleries across the Commonwealth, including several in Nelson County. These craft distilleries produce award-winning spirits using local ingredients and traditional methods. Nelson County distilleries on the trail include Virginia Distillery Company in Lovingston (specializing in single malt whisky), Silverback Distillery in Afton (crafting award-winning spirits like Strange Monkey Gin and Blackback Rye Whiskey), Devils Backbone Distilling Company in Roseland, Bold Rock Distillery at the Barrel Barn in Roseland, and Three Notch'd Beer and Bourbon in Nellysford. These distilleries are conveniently located along scenic routes like Nelson 151 and Nelson 29, making them accessible for visitors exploring the region's craft beverage scene.","Commonwealth of Virginia | Nelson County, Virginia - Things to Do & Attractions","Explore the Virginia Spirits Trail in Nelson County - featuring award-winning distilleries producing single malt whisky, gin, bourbon, and craft spirits along scenic mountain routes.","Commonwealth of Virginia, Commonwealth of Virginia Virginia, Nelson County, things to do Commonwealth of Virginia, Outdoor in Commonwealth of Virginia, Hikes & Trails Commonwealth of Virginia",Home > Commonwealth of Virginia,https://www.nelsoncounty-va.gov/commonwealth-of-virginia,?area=Commonwealth of Virginia,1,0,Outdoor,Outdoor,Virginia Spirits Trail,,false
Howardsville,howardsville,Howardsville,"Small community notable for its geological significance, with rocks composed of ancient basin sediments and cobbles dating back approximately 200 million years. The area around Howardsville offers a glimpse into the geological history of the region, making it of interest to geology enthusiasts and those exploring the natural history of Nelson County. The community provides a quiet, rural setting in the foothills of the Blue Ridge Mountains.","Howardsville | Nelson County, Virginia - Things to Do & Attractions","Visit Howardsville, Virginia - small community with significant geological history, featuring 200-million-year-old rock formations in the Blue Ridge foothills of Nelson County.","Howardsville, Howardsville Virginia, Nelson County, things to do Howardsville, Stay in Howardsville, Whole House Rentals Howardsville",Home > Howardsville,https://www.nelsoncounty-va.gov/howardsville,?area=Howardsville,1,0,Stay,Stay,Avon Hill,,false
Massies Mill,massies-mill,Massies Mill,"Charming community in the Tyro area, offering access to the Three Ridges Wilderness and Appalachian Trail. Nearby attractions include Pharsalia, a historic estate built in 1814 at the foot of dePriest Mountain, surrounded by original outbuildings and gardens. While not open to the public, group tours and events can be arranged by appointment. The area provides a peaceful mountain retreat setting, perfect for those seeking solitude and natural beauty in the Blue Ridge Mountains.","Massies Mill | Nelson County, Virginia - Things to Do & Attractions","Explore Massies Mill, Virginia - peaceful mountain community near Three Ridges Wilderness and historic Pharsalia estate. Perfect for hiking, nature retreats, and Blue Ridge mountain experiences.","Massies Mill, Massies Mill Virginia, Nelson County, things to do Massies Mill, Stay in Massies Mill, Whole House Rentals Massies Mill",Home > Massies Mill,https://www.nelsoncounty-va.gov/massies-mill,?area=Massies Mill,1,0,Stay,Stay,Mima's Mountain House,,false
Nelson 29,nelson-29,Nelson 29,"The Nelson 29 craft beverage trail is a scenic 20-mile route along Route 29 in Nelson County, connecting a variety of craft beverage producers between Arrington and Faber. This trail offers visitors the opportunity to experience local wineries, breweries, and distilleries amidst the picturesque Blue Ridge Mountains. Key stops include Blue Mountain Barrel House in Arrington, Mountain & Vine Vineyards and Winery in Faber (celebrated for award-winning wines including the 2023 Virginia Governor's Cup Champion), Brent Manor Vineyards, Outback Brewhouse in Lovingston, Lovingston Winery, and Virginia Distillery Company, renowned for producing America's most awarded single malt whisky. Lovingston, the county seat, serves as a central hub for exploring the trail.","Nelson 29 | Nelson County, Virginia - Things to Do & Attractions","Discover the Nelson 29 craft beverage trail - 20-mile scenic route along Route 29 featuring award-winning wineries, breweries, and distilleries in the Blue Ridge Mountains of Nelson County.","Nelson 29, Nelson 29 Virginia, Nelson County, things to do Nelson 29, Experience in Nelson 29, Farms & Orchards Nelson 29",Home > Nelson 29,https://www.nelsoncounty-va.gov/nelson-29,?area=Nelson 29,1,0,Experience,Experience,Three Trees Farm,,false
