Page Title,Slug,Area,Category,Category Display Name,Description,Meta Title,Meta Description,Breadcrumb,Canonical URL,Filter URL,Listings Count,Hero Image URL,Featured
Community in Wintergreen Resort,wintergreen-resort-community,Wintergreen Resort,community,Community,"Connect with the local community in Wintergreen Resort. Meet makers, learn about local stories, and discover community projects in Wintergreen Resort, Nelson County.","Community in Wintergreen Resort | Nelson County, Virginia","Find the best community experiences in Wintergreen Resort, Nelson County. Browse listings, read reviews, and plan your visit to Wintergreen Resort, Virginia.",Home > Wintergreen Resort > Community,https://www.nelsoncounty-va.gov/wintergreen-resort-community,?category=community&area=Wintergreen Resort,2,,false
Experience in Wintergreen Resort,wintergreen-resort-experience,Wintergreen Resort,experience,Experience,"Discover unique experiences and activities in Wintergreen Resort. From guided tours to local events, find memorable things to do in Wintergreen Resort.","Experience in Wintergreen Resort | Nelson County, Virginia","Find the best experience experiences in Wintergreen Resort, Nelson County. Browse listings, read reviews, and plan your visit to Wintergreen Resort, Virginia.",Home > Wintergreen Resort > Experience,https://www.nelsoncounty-va.gov/wintergreen-resort-experience,?category=experience&area=Wintergreen Resort,4,,false
Outdoor in Wintergreen Resort,wintergreen-resort-outdoor,Wintergreen Resort,outdoor,Outdoor,"Explore outdoor adventures in Wintergreen Resort. Hiking trails, parks, scenic drives, and nature activities await in Wintergreen Resort, Nelson County.","Outdoor in Wintergreen Resort | Nelson County, Virginia","Find the best outdoor experiences in Wintergreen Resort, Nelson County. Browse listings, read reviews, and plan your visit to Wintergreen Resort, Virginia.",Home > Wintergreen Resort > Outdoor,https://www.nelsoncounty-va.gov/wintergreen-resort-outdoor,?category=outdoor&area=Wintergreen Resort,23,,false
Stay in Wintergreen Resort,wintergreen-resort-stay,Wintergreen Resort,stay,Stay,"Find the perfect place to stay in Wintergreen Resort. Browse hotels, resorts, cabins, vacation rentals, and unique accommodations in Wintergreen Resort, Virginia.","Stay in Wintergreen Resort | Nelson County, Virginia","Find the best stay experiences in Wintergreen Resort, Nelson County. Browse listings, read reviews, and plan your visit to Wintergreen Resort, Virginia.",Home > Wintergreen Resort > Stay,https://www.nelsoncounty-va.gov/wintergreen-resort-stay,?category=stay&area=Wintergreen Resort,62,,false
Taste in Wintergreen Resort,wintergreen-resort-taste,Wintergreen Resort,taste,Taste,"Discover the best restaurants, breweries, wineries, and local dining in Wintergreen Resort. From farm-to-table eateries to craft breweries, explore Wintergreen Resort's vibrant food and drink scene.","Taste in Wintergreen Resort | Nelson County, Virginia","Find the best taste experiences in Wintergreen Resort, Nelson County. Browse listings, read reviews, and plan your visit to Wintergreen Resort, Virginia.",Home > Wintergreen Resort > Taste,https://www.nelsoncounty-va.gov/wintergreen-resort-taste,?category=taste&area=Wintergreen Resort,2,,false
Community in Afton,afton-community,Afton,community,Community,"Connect with the local community in Afton. Meet makers, learn about local stories, and discover community projects in Afton, Nelson County.","Community in Afton | Nelson County, Virginia","Find the best community experiences in Afton, Nelson County. Browse listings, read reviews, and plan your visit to Afton, Virginia.",Home > Afton > Community,https://www.nelsoncounty-va.gov/afton-community,?category=community&area=Afton,1,,false
Culture in Afton,afton-culture,Afton,culture,Culture,"Experience the arts, heritage, and culture of Afton. Museums, galleries, historical sites, and cultural attractions in Afton, Virginia.","Culture in Afton | Nelson County, Virginia","Find the best culture experiences in Afton, Nelson County. Browse listings, read reviews, and plan your visit to Afton, Virginia.",Home > Afton > Culture,https://www.nelsoncounty-va.gov/afton-culture,?category=culture&area=Afton,1,,false
Experience in Afton,afton-experience,Afton,experience,Experience,"Discover unique experiences and activities in Afton. From guided tours to local events, find memorable things to do in Afton.","Experience in Afton | Nelson County, Virginia","Find the best experience experiences in Afton, Nelson County. Browse listings, read reviews, and plan your visit to Afton, Virginia.",Home > Afton > Experience,https://www.nelsoncounty-va.gov/afton-experience,?category=experience&area=Afton,8,,false
Outdoor in Afton,afton-outdoor,Afton,outdoor,Outdoor,"Explore outdoor adventures in Afton. Hiking trails, parks, scenic drives, and nature activities await in Afton, Nelson County.","Outdoor in Afton | Nelson County, Virginia","Find the best outdoor experiences in Afton, Nelson County. Browse listings, read reviews, and plan your visit to Afton, Virginia.",Home > Afton > Outdoor,https://www.nelsoncounty-va.gov/afton-outdoor,?category=outdoor&area=Afton,3,,false
Stay in Afton,afton-stay,Afton,stay,Stay,"Find the perfect place to stay in Afton. Browse hotels, resorts, cabins, vacation rentals, and unique accommodations in Afton, Virginia.","Stay in Afton | Nelson County, Virginia","Find the best stay experiences in Afton, Nelson County. Browse listings, read reviews, and plan your visit to Afton, Virginia.",Home > Afton > Stay,https://www.nelsoncounty-va.gov/afton-stay,?category=stay&area=Afton,47,,false
Taste in Afton,afton-taste,Afton,taste,Taste,"Discover the best restaurants, breweries, wineries, and local dining in Afton. From farm-to-table eateries to craft breweries, explore Afton's vibrant food and drink scene.","Taste in Afton | Nelson County, Virginia","Find the best taste experiences in Afton, Nelson County. Browse listings, read reviews, and plan your visit to Afton, Virginia.",Home > Afton > Taste,https://www.nelsoncounty-va.gov/afton-taste,?category=taste&area=Afton,10,,false
Community in Roseland,roseland-community,Roseland,community,Community,"Connect with the local community in Roseland. Meet makers, learn about local stories, and discover community projects in Roseland, Nelson County.","Community in Roseland | Nelson County, Virginia","Find the best community experiences in Roseland, Nelson County. Browse listings, read reviews, and plan your visit to Roseland, Virginia.",Home > Roseland > Community,https://www.nelsoncounty-va.gov/roseland-community,?category=community&area=Roseland,2,,false
Culture in Roseland,roseland-culture,Roseland,culture,Culture,"Experience the arts, heritage, and culture of Roseland. Museums, galleries, historical sites, and cultural attractions in Roseland, Virginia.","Culture in Roseland | Nelson County, Virginia","Find the best culture experiences in Roseland, Nelson County. Browse listings, read reviews, and plan your visit to Roseland, Virginia.",Home > Roseland > Culture,https://www.nelsoncounty-va.gov/roseland-culture,?category=culture&area=Roseland,1,,false
Experience in Roseland,roseland-experience,Roseland,experience,Experience,"Discover unique experiences and activities in Roseland. From guided tours to local events, find memorable things to do in Roseland.","Experience in Roseland | Nelson County, Virginia","Find the best experience experiences in Roseland, Nelson County. Browse listings, read reviews, and plan your visit to Roseland, Virginia.",Home > Roseland > Experience,https://www.nelsoncounty-va.gov/roseland-experience,?category=experience&area=Roseland,14,,false
Stay in Roseland,roseland-stay,Roseland,stay,Stay,"Find the perfect place to stay in Roseland. Browse hotels, resorts, cabins, vacation rentals, and unique accommodations in Roseland, Virginia.","Stay in Roseland | Nelson County, Virginia","Find the best stay experiences in Roseland, Nelson County. Browse listings, read reviews, and plan your visit to Roseland, Virginia.",Home > Roseland > Stay,https://www.nelsoncounty-va.gov/roseland-stay,?category=stay&area=Roseland,34,,false
Taste in Roseland,roseland-taste,Roseland,taste,Taste,"Discover the best restaurants, breweries, wineries, and local dining in Roseland. From farm-to-table eateries to craft breweries, explore Roseland's vibrant food and drink scene.","Taste in Roseland | Nelson County, Virginia","Find the best taste experiences in Roseland, Nelson County. Browse listings, read reviews, and plan your visit to Roseland, Virginia.",Home > Roseland > Taste,https://www.nelsoncounty-va.gov/roseland-taste,?category=taste&area=Roseland,4,,false
Community in Nellysford,nellysford-community,Nellysford,community,Community,"Connect with the local community in Nellysford. Meet makers, learn about local stories, and discover community projects in Nellysford, Nelson County.","Community in Nellysford | Nelson County, Virginia","Find the best community experiences in Nellysford, Nelson County. Browse listings, read reviews, and plan your visit to Nellysford, Virginia.",Home > Nellysford > Community,https://www.nelsoncounty-va.gov/nellysford-community,?category=community&area=Nellysford,5,,false
Experience in Nellysford,nellysford-experience,Nellysford,experience,Experience,"Discover unique experiences and activities in Nellysford. From guided tours to local events, find memorable things to do in Nellysford.","Experience in Nellysford | Nelson County, Virginia","Find the best experience experiences in Nellysford, Nelson County. Browse listings, read reviews, and plan your visit to Nellysford, Virginia.",Home > Nellysford > Experience,https://www.nelsoncounty-va.gov/nellysford-experience,?category=experience&area=Nellysford,5,,false
Outdoor in Nellysford,nellysford-outdoor,Nellysford,outdoor,Outdoor,"Explore outdoor adventures in Nellysford. Hiking trails, parks, scenic drives, and nature activities await in Nellysford, Nelson County.","Outdoor in Nellysford | Nelson County, Virginia","Find the best outdoor experiences in Nellysford, Nelson County. Browse listings, read reviews, and plan your visit to Nellysford, Virginia.",Home > Nellysford > Outdoor,https://www.nelsoncounty-va.gov/nellysford-outdoor,?category=outdoor&area=Nellysford,3,,false
Stay in Nellysford,nellysford-stay,Nellysford,stay,Stay,"Find the perfect place to stay in Nellysford. Browse hotels, resorts, cabins, vacation rentals, and unique accommodations in Nellysford, Virginia.","Stay in Nellysford | Nelson County, Virginia","Find the best stay experiences in Nellysford, Nelson County. Browse listings, read reviews, and plan your visit to Nellysford, Virginia.",Home > Nellysford > Stay,https://www.nelsoncounty-va.gov/nellysford-stay,?category=stay&area=Nellysford,19,,false
Taste in Nellysford,nellysford-taste,Nellysford,taste,Taste,"Discover the best restaurants, breweries, wineries, and local dining in Nellysford. From farm-to-table eateries to craft breweries, explore Nellysford's vibrant food and drink scene.","Taste in Nellysford | Nelson County, Virginia","Find the best taste experiences in Nellysford, Nelson County. Browse listings, read reviews, and plan your visit to Nellysford, Virginia.",Home > Nellysford > Taste,https://www.nelsoncounty-va.gov/nellysford-taste,?category=taste&area=Nellysford,11,,false
Community in Lovingston,lovingston-community,Lovingston,community,Community,"Connect with the local community in Lovingston. Meet makers, learn about local stories, and discover community projects in Lovingston, Nelson County.","Community in Lovingston | Nelson County, Virginia","Find the best community experiences in Lovingston, Nelson County. Browse listings, read reviews, and plan your visit to Lovingston, Virginia.",Home > Lovingston > Community,https://www.nelsoncounty-va.gov/lovingston-community,?category=community&area=Lovingston,1,,false
Experience in Lovingston,lovingston-experience,Lovingston,experience,Experience,"Discover unique experiences and activities in Lovingston. From guided tours to local events, find memorable things to do in Lovingston.","Experience in Lovingston | Nelson County, Virginia","Find the best experience experiences in Lovingston, Nelson County. Browse listings, read reviews, and plan your visit to Lovingston, Virginia.",Home > Lovingston > Experience,https://www.nelsoncounty-va.gov/lovingston-experience,?category=experience&area=Lovingston,8,,false
Outdoor in Lovingston,lovingston-outdoor,Lovingston,outdoor,Outdoor,"Explore outdoor adventures in Lovingston. Hiking trails, parks, scenic drives, and nature activities await in Lovingston, Nelson County.","Outdoor in Lovingston | Nelson County, Virginia","Find the best outdoor experiences in Lovingston, Nelson County. Browse listings, read reviews, and plan your visit to Lovingston, Virginia.",Home > Lovingston > Outdoor,https://www.nelsoncounty-va.gov/lovingston-outdoor,?category=outdoor&area=Lovingston,3,,false
Stay in Lovingston,lovingston-stay,Lovingston,stay,Stay,"Find the perfect place to stay in Lovingston. Browse hotels, resorts, cabins, vacation rentals, and unique accommodations in Lovingston, Virginia.","Stay in Lovingston | Nelson County, Virginia","Find the best stay experiences in Lovingston, Nelson County. Browse listings, read reviews, and plan your visit to Lovingston, Virginia.",Home > Lovingston > Stay,https://www.nelsoncounty-va.gov/lovingston-stay,?category=stay&area=Lovingston,8,,false
Taste in Lovingston,lovingston-taste,Lovingston,taste,Taste,"Discover the best restaurants, breweries, wineries, and local dining in Lovingston. From farm-to-table eateries to craft breweries, explore Lovingston's vibrant food and drink scene.","Taste in Lovingston | Nelson County, Virginia","Find the best taste experiences in Lovingston, Nelson County. Browse listings, read reviews, and plan your visit to Lovingston, Virginia.",Home > Lovingston > Taste,https://www.nelsoncounty-va.gov/lovingston-taste,?category=taste&area=Lovingston,12,,false
Culture in Montebello,montebello-culture,Montebello,culture,Culture,"Experience the arts, heritage, and culture of Montebello. Museums, galleries, historical sites, and cultural attractions in Montebello, Virginia.","Culture in Montebello | Nelson County, Virginia","Find the best culture experiences in Montebello, Nelson County. Browse listings, read reviews, and plan your visit to Montebello, Virginia.",Home > Montebello > Culture,https://www.nelsoncounty-va.gov/montebello-culture,?category=culture&area=Montebello,1,,false
Experience in Montebello,montebello-experience,Montebello,experience,Experience,"Discover unique experiences and activities in Montebello. From guided tours to local events, find memorable things to do in Montebello.","Experience in Montebello | Nelson County, Virginia","Find the best experience experiences in Montebello, Nelson County. Browse listings, read reviews, and plan your visit to Montebello, Virginia.",Home > Montebello > Experience,https://www.nelsoncounty-va.gov/montebello-experience,?category=experience&area=Montebello,1,,false
Outdoor in Montebello,montebello-outdoor,Montebello,outdoor,Outdoor,"Explore outdoor adventures in Montebello. Hiking trails, parks, scenic drives, and nature activities await in Montebello, Nelson County.","Outdoor in Montebello | Nelson County, Virginia","Find the best outdoor experiences in Montebello, Nelson County. Browse listings, read reviews, and plan your visit to Montebello, Virginia.",Home > Montebello > Outdoor,https://www.nelsoncounty-va.gov/montebello-outdoor,?category=outdoor&area=Montebello,6,,false
Stay in Montebello,montebello-stay,Montebello,stay,Stay,"Find the perfect place to stay in Montebello. Browse hotels, resorts, cabins, vacation rentals, and unique accommodations in Montebello, Virginia.","Stay in Montebello | Nelson County, Virginia","Find the best stay experiences in Montebello, Nelson County. Browse listings, read reviews, and plan your visit to Montebello, Virginia.",Home > Montebello > Stay,https://www.nelsoncounty-va.gov/montebello-stay,?category=stay&area=Montebello,10,,false
Taste in Montebello,montebello-taste,Montebello,taste,Taste,"Discover the best restaurants, breweries, wineries, and local dining in Montebello. From farm-to-table eateries to craft breweries, explore Montebello's vibrant food and drink scene.","Taste in Montebello | Nelson County, Virginia","Find the best taste experiences in Montebello, Nelson County. Browse listings, read reviews, and plan your visit to Montebello, Virginia.",Home > Montebello > Taste,https://www.nelsoncounty-va.gov/montebello-taste,?category=taste&area=Montebello,1,,false
Community in Arrington,arrington-community,Arrington,community,Community,"Connect with the local community in Arrington. Meet makers, learn about local stories, and discover community projects in Arrington, Nelson County.","Community in Arrington | Nelson County, Virginia","Find the best community experiences in Arrington, Nelson County. Browse listings, read reviews, and plan your visit to Arrington, Virginia.",Home > Arrington > Community,https://www.nelsoncounty-va.gov/arrington-community,?category=community&area=Arrington,1,,false
Culture in Arrington,arrington-culture,Arrington,culture,Culture,"Experience the arts, heritage, and culture of Arrington. Museums, galleries, historical sites, and cultural attractions in Arrington, Virginia.","Culture in Arrington | Nelson County, Virginia","Find the best culture experiences in Arrington, Nelson County. Browse listings, read reviews, and plan your visit to Arrington, Virginia.",Home > Arrington > Culture,https://www.nelsoncounty-va.gov/arrington-culture,?category=culture&area=Arrington,2,,false
Experience in Arrington,arrington-experience,Arrington,experience,Experience,"Discover unique experiences and activities in Arrington. From guided tours to local events, find memorable things to do in Arrington.","Experience in Arrington | Nelson County, Virginia","Find the best experience experiences in Arrington, Nelson County. Browse listings, read reviews, and plan your visit to Arrington, Virginia.",Home > Arrington > Experience,https://www.nelsoncounty-va.gov/arrington-experience,?category=experience&area=Arrington,3,,false
Outdoor in Arrington,arrington-outdoor,Arrington,outdoor,Outdoor,"Explore outdoor adventures in Arrington. Hiking trails, parks, scenic drives, and nature activities await in Arrington, Nelson County.","Outdoor in Arrington | Nelson County, Virginia","Find the best outdoor experiences in Arrington, Nelson County. Browse listings, read reviews, and plan your visit to Arrington, Virginia.",Home > Arrington > Outdoor,https://www.nelsoncounty-va.gov/arrington-outdoor,?category=outdoor&area=Arrington,2,,false
Stay in Arrington,arrington-stay,Arrington,stay,Stay,"Find the perfect place to stay in Arrington. Browse hotels, resorts, cabins, vacation rentals, and unique accommodations in Arrington, Virginia.","Stay in Arrington | Nelson County, Virginia","Find the best stay experiences in Arrington, Nelson County. Browse listings, read reviews, and plan your visit to Arrington, Virginia.",Home > Arrington > Stay,https://www.nelsoncounty-va.gov/arrington-stay,?category=stay&area=Arrington,4,,false
Taste in Arrington,arrington-taste,Arrington,taste,Taste,"Discover the best restaurants, breweries, wineries, and local dining in Arrington. From farm-to-table eateries to craft breweries, explore Arrington's vibrant food and drink scene.","Taste in Arrington | Nelson County, Virginia","Find the best taste experiences in Arrington, Nelson County. Browse listings, read reviews, and plan your visit to Arrington, Virginia.",Home > Arrington > Taste,https://www.nelsoncounty-va.gov/arrington-taste,?category=taste&area=Arrington,3,,false
Experience in Tyro,tyro-experience,Tyro,experience,Experience,"Discover unique experiences and activities in Tyro. From guided tours to local events, find memorable things to do in Tyro.","Experience in Tyro | Nelson County, Virginia","Find the best experience experiences in Tyro, Nelson County. Browse listings, read reviews, and plan your visit to Tyro, Virginia.",Home > Tyro > Experience,https://www.nelsoncounty-va.gov/tyro-experience,?category=experience&area=Tyro,3,,false
Outdoor in Tyro,tyro-outdoor,Tyro,outdoor,Outdoor,"Explore outdoor adventures in Tyro. Hiking trails, parks, scenic drives, and nature activities await in Tyro, Nelson County.","Outdoor in Tyro | Nelson County, Virginia","Find the best outdoor experiences in Tyro, Nelson County. Browse listings, read reviews, and plan your visit to Tyro, Virginia.",Home > Tyro > Outdoor,https://www.nelsoncounty-va.gov/tyro-outdoor,?category=outdoor&area=Tyro,7,,false
Stay in Tyro,tyro-stay,Tyro,stay,Stay,"Find the perfect place to stay in Tyro. Browse hotels, resorts, cabins, vacation rentals, and unique accommodations in Tyro, Virginia.","Stay in Tyro | Nelson County, Virginia","Find the best stay experiences in Tyro, Nelson County. Browse listings, read reviews, and plan your visit to Tyro, Virginia.",Home > Tyro > Stay,https://www.nelsoncounty-va.gov/tyro-stay,?category=stay&area=Tyro,3,,false
Stay in Faber,faber-stay,Faber,stay,Stay,"Find the perfect place to stay in Faber. Browse hotels, resorts, cabins, vacation rentals, and unique accommodations in Faber, Virginia.","Stay in Faber | Nelson County, Virginia","Find the best stay experiences in Faber, Nelson County. Browse listings, read reviews, and plan your visit to Faber, Virginia.",Home > Faber > Stay,https://www.nelsoncounty-va.gov/faber-stay,?category=stay&area=Faber,10,,false
Taste in Faber,faber-taste,Faber,taste,Taste,"Discover the best restaurants, breweries, wineries, and local dining in Faber. From farm-to-table eateries to craft breweries, explore Faber's vibrant food and drink scene.","Taste in Faber | Nelson County, Virginia","Find the best taste experiences in Faber, Nelson County. Browse listings, read reviews, and plan your visit to Faber, Virginia.",Home > Faber > Taste,https://www.nelsoncounty-va.gov/faber-taste,?category=taste&area=Faber,2,,false
Community in Schuyler,schuyler-community,Schuyler,community,Community,"Connect with the local community in Schuyler. Meet makers, learn about local stories, and discover community projects in Schuyler, Nelson County.","Community in Schuyler | Nelson County, Virginia","Find the best community experiences in Schuyler, Nelson County. Browse listings, read reviews, and plan your visit to Schuyler, Virginia.",Home > Schuyler > Community,https://www.nelsoncounty-va.gov/schuyler-community,?category=community&area=Schuyler,2,,false
Culture in Schuyler,schuyler-culture,Schuyler,culture,Culture,"Experience the arts, heritage, and culture of Schuyler. Museums, galleries, historical sites, and cultural attractions in Schuyler, Virginia.","Culture in Schuyler | Nelson County, Virginia","Find the best culture experiences in Schuyler, Nelson County. Browse listings, read reviews, and plan your visit to Schuyler, Virginia.",Home > Schuyler > Culture,https://www.nelsoncounty-va.gov/schuyler-culture,?category=culture&area=Schuyler,1,,false
Experience in Schuyler,schuyler-experience,Schuyler,experience,Experience,"Discover unique experiences and activities in Schuyler. From guided tours to local events, find memorable things to do in Schuyler.","Experience in Schuyler | Nelson County, Virginia","Find the best experience experiences in Schuyler, Nelson County. Browse listings, read reviews, and plan your visit to Schuyler, Virginia.",Home > Schuyler > Experience,https://www.nelsoncounty-va.gov/schuyler-experience,?category=experience&area=Schuyler,1,,false
Outdoor in Schuyler,schuyler-outdoor,Schuyler,outdoor,Outdoor,"Explore outdoor adventures in Schuyler. Hiking trails, parks, scenic drives, and nature activities await in Schuyler, Nelson County.","Outdoor in Schuyler | Nelson County, Virginia","Find the best outdoor experiences in Schuyler, Nelson County. Browse listings, read reviews, and plan your visit to Schuyler, Virginia.",Home > Schuyler > Outdoor,https://www.nelsoncounty-va.gov/schuyler-outdoor,?category=outdoor&area=Schuyler,1,,false
Stay in Schuyler,schuyler-stay,Schuyler,stay,Stay,"Find the perfect place to stay in Schuyler. Browse hotels, resorts, cabins, vacation rentals, and unique accommodations in Schuyler, Virginia.","Stay in Schuyler | Nelson County, Virginia","Find the best stay experiences in Schuyler, Nelson County. Browse listings, read reviews, and plan your visit to Schuyler, Virginia.",Home > Schuyler > Stay,https://www.nelsoncounty-va.gov/schuyler-stay,?category=stay&area=Schuyler,2,,false
Taste in Schuyler,schuyler-taste,Schuyler,taste,Taste,"Discover the best restaurants, breweries, wineries, and local dining in Schuyler. From farm-to-table eateries to craft breweries, explore Schuyler's vibrant food and drink scene.","Taste in Schuyler | Nelson County, Virginia","Find the best taste experiences in Schuyler, Nelson County. Browse listings, read reviews, and plan your visit to Schuyler, Virginia.",Home > Schuyler > Taste,https://www.nelsoncounty-va.gov/schuyler-taste,?category=taste&area=Schuyler,1,,false
Experience in Nelson County,nelson-county-experience,Nelson County,experience,Experience,"Discover unique experiences and activities in Nelson County. From guided tours to local events, find memorable things to do in Nelson County.","Experience in Nelson County | Nelson County, Virginia","Find the best experience experiences in Nelson County, Nelson County. Browse listings, read reviews, and plan your visit to Nelson County, Virginia.",Home > Nelson County > Experience,https://www.nelsoncounty-va.gov/nelson-county-experience,?category=experience&area=Nelson County,2,,false
Outdoor in Nelson County,nelson-county-outdoor,Nelson County,outdoor,Outdoor,"Explore outdoor adventures in Nelson County. Hiking trails, parks, scenic drives, and nature activities await in Nelson County, Nelson County.","Outdoor in Nelson County | Nelson County, Virginia","Find the best outdoor experiences in Nelson County, Nelson County. Browse listings, read reviews, and plan your visit to Nelson County, Virginia.",Home > Nelson County > Outdoor,https://www.nelsoncounty-va.gov/nelson-county-outdoor,?category=outdoor&area=Nelson County,5,,false
Stay in Nelson County,nelson-county-stay,Nelson County,stay,Stay,"Find the perfect place to stay in Nelson County. Browse hotels, resorts, cabins, vacation rentals, and unique accommodations in Nelson County, Virginia.","Stay in Nelson County | Nelson County, Virginia","Find the best stay experiences in Nelson County, Nelson County. Browse listings, read reviews, and plan your visit to Nelson County, Virginia.",Home > Nelson County > Stay,https://www.nelsoncounty-va.gov/nelson-county-stay,?category=stay&area=Nelson County,1,,false
Experience in Piney River,piney-river-experience,Piney River,experience,Experience,"Discover unique experiences and activities in Piney River. From guided tours to local events, find memorable things to do in Piney River.","Experience in Piney River | Nelson County, Virginia","Find the best experience experiences in Piney River, Nelson County. Browse listings, read reviews, and plan your visit to Piney River, Virginia.",Home > Piney River > Experience,https://www.nelsoncounty-va.gov/piney-river-experience,?category=experience&area=Piney River,1,,false
Outdoor in Piney River,piney-river-outdoor,Piney River,outdoor,Outdoor,"Explore outdoor adventures in Piney River. Hiking trails, parks, scenic drives, and nature activities await in Piney River, Nelson County.","Outdoor in Piney River | Nelson County, Virginia","Find the best outdoor experiences in Piney River, Nelson County. Browse listings, read reviews, and plan your visit to Piney River, Virginia.",Home > Piney River > Outdoor,https://www.nelsoncounty-va.gov/piney-river-outdoor,?category=outdoor&area=Piney River,3,,false
Experience in Shipman,shipman-experience,Shipman,experience,Experience,"Discover unique experiences and activities in Shipman. From guided tours to local events, find memorable things to do in Shipman.","Experience in Shipman | Nelson County, Virginia","Find the best experience experiences in Shipman, Nelson County. Browse listings, read reviews, and plan your visit to Shipman, Virginia.",Home > Shipman > Experience,https://www.nelsoncounty-va.gov/shipman-experience,?category=experience&area=Shipman,2,,false
Stay in Shipman,shipman-stay,Shipman,stay,Stay,"Find the perfect place to stay in Shipman. Browse hotels, resorts, cabins, vacation rentals, and unique accommodations in Shipman, Virginia.","Stay in Shipman | Nelson County, Virginia","Find the best stay experiences in Shipman, Nelson County. Browse listings, read reviews, and plan your visit to Shipman, Virginia.",Home > Shipman > Stay,https://www.nelsoncounty-va.gov/shipman-stay,?category=stay&area=Shipman,2,,false
Experience in Wingina,wingina-experience,Wingina,experience,Experience,"Discover unique experiences and activities in Wingina. From guided tours to local events, find memorable things to do in Wingina.","Experience in Wingina | Nelson County, Virginia","Find the best experience experiences in Wingina, Nelson County. Browse listings, read reviews, and plan your visit to Wingina, Virginia.",Home > Wingina > Experience,https://www.nelsoncounty-va.gov/wingina-experience,?category=experience&area=Wingina,1,,false
Outdoor in Wingina,wingina-outdoor,Wingina,outdoor,Outdoor,"Explore outdoor adventures in Wingina. Hiking trails, parks, scenic drives, and nature activities await in Wingina, Nelson County.","Outdoor in Wingina | Nelson County, Virginia","Find the best outdoor experiences in Wingina, Nelson County. Browse listings, read reviews, and plan your visit to Wingina, Virginia.",Home > Wingina > Outdoor,https://www.nelsoncounty-va.gov/wingina-outdoor,?category=outdoor&area=Wingina,2,,false
Outdoor in Lyndhurst,lyndhurst-outdoor,Lyndhurst,outdoor,Outdoor,"Explore outdoor adventures in Lyndhurst. Hiking trails, parks, scenic drives, and nature activities await in Lyndhurst, Nelson County.","Outdoor in Lyndhurst | Nelson County, Virginia","Find the best outdoor experiences in Lyndhurst, Nelson County. Browse listings, read reviews, and plan your visit to Lyndhurst, Virginia.",Home > Lyndhurst > Outdoor,https://www.nelsoncounty-va.gov/lyndhurst-outdoor,?category=outdoor&area=Lyndhurst,1,,false
Stay in Lyndhurst,lyndhurst-stay,Lyndhurst,stay,Stay,"Find the perfect place to stay in Lyndhurst. Browse hotels, resorts, cabins, vacation rentals, and unique accommodations in Lyndhurst, Virginia.","Stay in Lyndhurst | Nelson County, Virginia","Find the best stay experiences in Lyndhurst, Nelson County. Browse listings, read reviews, and plan your visit to Lyndhurst, Virginia.",Home > Lyndhurst > Stay,https://www.nelsoncounty-va.gov/lyndhurst-stay,?category=stay&area=Lyndhurst,1,,false
Community in Gladstone,gladstone-community,Gladstone,community,Community,"Connect with the local community in Gladstone. Meet makers, learn about local stories, and discover community projects in Gladstone, Nelson County.","Community in Gladstone | Nelson County, Virginia","Find the best community experiences in Gladstone, Nelson County. Browse listings, read reviews, and plan your visit to Gladstone, Virginia.",Home > Gladstone > Community,https://www.nelsoncounty-va.gov/gladstone-community,?category=community&area=Gladstone,1,,false
Outdoor in Gladstone,gladstone-outdoor,Gladstone,outdoor,Outdoor,"Explore outdoor adventures in Gladstone. Hiking trails, parks, scenic drives, and nature activities await in Gladstone, Nelson County.","Outdoor in Gladstone | Nelson County, Virginia","Find the best outdoor experiences in Gladstone, Nelson County. Browse listings, read reviews, and plan your visit to Gladstone, Virginia.",Home > Gladstone > Outdoor,https://www.nelsoncounty-va.gov/gladstone-outdoor,?category=outdoor&area=Gladstone,1,,false
Stay in Vesuvius,vesuvius-stay,Vesuvius,stay,Stay,"Find the perfect place to stay in Vesuvius. Browse hotels, resorts, cabins, vacation rentals, and unique accommodations in Vesuvius, Virginia.","Stay in Vesuvius | Nelson County, Virginia","Find the best stay experiences in Vesuvius, Nelson County. Browse listings, read reviews, and plan your visit to Vesuvius, Virginia.",Home > Vesuvius > Stay,https://www.nelsoncounty-va.gov/vesuvius-stay,?category=stay&area=Vesuvius,2,,false
Outdoor in Lowesville,lowesville-outdoor,Lowesville,outdoor,Outdoor,"Explore outdoor adventures in Lowesville. Hiking trails, parks, scenic drives, and nature activities await in Lowesville, Nelson County.","Outdoor in Lowesville | Nelson County, Virginia","Find the best outdoor experiences in Lowesville, Nelson County. Browse listings, read reviews, and plan your visit to Lowesville, Virginia.",Home > Lowesville > Outdoor,https://www.nelsoncounty-va.gov/lowesville-outdoor,?category=outdoor&area=Lowesville,1,,false
Outdoor in Commonwealth of Virginia,commonwealth-of-virginia-outdoor,Commonwealth of Virginia,outdoor,Outdoor,"Explore outdoor adventures in Commonwealth of Virginia. Hiking trails, parks, scenic drives, and nature activities await in Commonwealth of Virginia, Nelson County.","Outdoor in Commonwealth of Virginia | Nelson County, Virginia","Find the best outdoor experiences in Commonwealth of Virginia, Nelson County. Browse listings, read reviews, and plan your visit to Commonwealth of Virginia, Virginia.",Home > Commonwealth of Virginia > Outdoor,https://www.nelsoncounty-va.gov/commonwealth-of-virginia-outdoor,?category=outdoor&area=Commonwealth of Virginia,1,,false
Stay in Howardsville,howardsville-stay,Howardsville,stay,Stay,"Find the perfect place to stay in Howardsville. Browse hotels, resorts, cabins, vacation rentals, and unique accommodations in Howardsville, Virginia.","Stay in Howardsville | Nelson County, Virginia","Find the best stay experiences in Howardsville, Nelson County. Browse listings, read reviews, and plan your visit to Howardsville, Virginia.",Home > Howardsville > Stay,https://www.nelsoncounty-va.gov/howardsville-stay,?category=stay&area=Howardsville,1,,false
Stay in Massies Mill,massies-mill-stay,Massies Mill,stay,Stay,"Find the perfect place to stay in Massies Mill. Browse hotels, resorts, cabins, vacation rentals, and unique accommodations in Massies Mill, Virginia.","Stay in Massies Mill | Nelson County, Virginia","Find the best stay experiences in Massies Mill, Nelson County. Browse listings, read reviews, and plan your visit to Massies Mill, Virginia.",Home > Massies Mill > Stay,https://www.nelsoncounty-va.gov/massies-mill-stay,?category=stay&area=Massies Mill,1,,false
Experience in Nelson 29,nelson-29-experience,Nelson 29,experience,Experience,"Discover unique experiences and activities in Nelson 29. From guided tours to local events, find memorable things to do in Nelson 29.","Experience in Nelson 29 | Nelson County, Virginia","Find the best experience experiences in Nelson 29, Nelson County. Browse listings, read reviews, and plan your visit to Nelson 29, Virginia.",Home > Nelson 29 > Experience,https://www.nelsoncounty-va.gov/nelson-29-experience,?category=experience&area=Nelson 29,1,,false
