"Slug","Page Title","Amenities Filter Keyword","Description","Image","Image:alt","Meta Title","Meta Description","Button 1 - Name","Button 1 - URL","Button 2 - PDF Name","Button 2 - PDF Upload","Featured"
"pet-friendly-stays","Pet Friendly Stays","Pet Friendly","<p>Nelson County offers a selection of lodging options that welcome pets, making it easier to travel with your dog or other companion animals. Pet-friendly accommodations range from cabins and cottages to inns and vacation rentals, often located near trails, rivers, and outdoor spaces. Policies, fees, and restrictions vary by property, so visitors should confirm pet guidelines directly with the lodging provider before booking.</p>","","","","Nelson County offers a selection of lodging options that welcome pets, making it easier to travel with your dog or other companion animals. Pet-friendly accommodations range from cabins and cottages to inns and vacation rentals, often located near trails, rivers, and outdoor spaces. Policies, fees, and restrictions vary by property, so visitors should confirm pet guidelines directly with the lodging provider before booking.","","","","","false"
"climbing","Climbing","Climbing","<p>Nelson County offers amazing opportunities and locations for climbing.</p><p>There are many respected and experienced rock climbing guides and outfitters who can literally show you the ropes of outdoor climbing.</p><p><a href=""https://www.blueridgemtnguides.com/wintergreen-va-rock-climbing"" target=""_blank"">Blue Ridge Mountain Guides</a>&nbsp;provides customized rock and ice climbing trips and guiding for all abilities. Virginia has prime rock climbing nestled into the Blue Ridge Mountains! Within minutes of Wintergreen Ski Resort, cliffs range from 30-300’ tall with a variety of climbing styles. The Blue Ridge Parkway has both rock and ice climbs with low angle slabs, which are perfect for beginners, and vertical to overhung walls suited for advanced climbers looking to push their abilities. These areas are ideal for first time climbers, instructional courses, experiencing VA climbing, and preparing for big objectives.</p><p><a href=""https://www.wildguyde.com/"" target=""_blank"">Wild Guyde Adventures</a>&nbsp;is are a family business intent on serving by providing high quality adventure leadership and learning. WILD GUYde Adventures LLC is incorporated in Virginia, and is fully insured for both general liability and major medical. Check out their website to learn about rock climbing and other adventures.</p><p><a href=""https://www.mountainproject.com/area/113970061/pinnacle-ridge"" target=""_blank"">Pinnacle Ridge</a>&nbsp;is located in the Priest Wilderness Area of the George Washington-Jefferson National Forest in Nelson County, Virginia. Just east of&nbsp;<a href=""/explore/crabtree-falls"">Crabtree Falls</a>, it has fantastic views of the Priest, Three Ridges, and the valley below. Pinnacle has large granite slabs, numerous boulders, and challenging routes. Bouldering and traditional climbing using removable gear is allowed, but use of bolts or pitons is not.</p><p><a href=""https://www.summitpost.org/blackrock-park-in-wintergreen/798425"" target=""_blank"">Blackrock Park</a>&nbsp;contains a large number of climbing crags, and has several weeks’ worth of different routes. This rock was created millions of years ago and is known as the Pedlar Formations. Not all the routes are directly off the trail, but some bush-whacking and treading without a trail is required to access different pitches, such as the East Walls. Blackrock Park is located in Wintergreen Resort.</p>","https://framerusercontent.com/images/t2WU9n9d8rZGIMic9XlflsQQaO8.jpg","","","Nelson County offers amazing opportunities and locations for climbing.  There are many respected and experienced rock climbing guides and outfitters who can literally show you the ropes of outdoor climbing.","","","","","false"
"activities","Activities","Activities","<p>Discover diverse activities throughout Nelson County, from outdoor recreation to cultural experiences and entertainment. Whether you're seeking adventure, relaxation, or family fun, Nelson County offers activities for every interest and season, set against the beautiful backdrop of the Blue Ridge Mountains.</p>","","","Activities | Nelson County, Virginia - Directory","Discover diverse activities throughout Nelson County, from outdoor recreation to cultural experiences and entertainment. Whether you're seeking adventure, relaxation, or family fun, Nelson County offers activities for every interest and season, set against the beautiful backdrop of the Blue Ridge Mountains.","","","","","false"
"cabins-cottages","Cabins & Cottages","Cabins & Cottages","<p>Escape to rustic mountain cabins and charming cottages nestled in the Blue Ridge Mountains. These accommodations offer a perfect blend of comfort and natural beauty, many featuring fireplaces, mountain views, and proximity to hiking trails, wineries, and outdoor recreation.</p>","","","Cabins & Cottages | Nelson County, Virginia - Directory","Escape to rustic mountain cabins and charming cottages nestled in the Blue Ridge Mountains. These accommodations offer a perfect blend of comfort and natural beauty, many featuring fireplaces, mountain views, and proximity to hiking trails, wineries, and outdoor recreation.","","","","","true"
"whole-house-rentals","Whole House Rentals","Whole House Rentals","<p>Rent an entire home for your Nelson County getaway, from spacious mountain retreats to cozy family-friendly houses. Perfect for groups, families, or extended stays, these whole house rentals offer privacy, full kitchens, and often stunning Blue Ridge Mountain views.</p>","","","Whole House Rentals | Nelson County, Virginia - Directory","Discover whole house rentals in Nelson County, Virginia. Find listings in Wintergreen Resort, Roseland and throughout the Blue Ridge Mountains. Browse details, get directions, and plan your visit.","","","","","true"
"hikes-trails","Hikes & Trails","Hikes & Trails","<p>Discover Nelson County's extensive trail network, from gentle nature walks to challenging mountain hikes in the Blue Ridge Mountains. Experience sections of the famous Appalachian Trail, along with local favorites like Crabtree Falls, the Three Ridges Wilderness, and the Mau-Har Trail.</p>","","","Hikes & Trails | Nelson County, Virginia - Directory","Discover hikes & trails in Nelson County, Virginia. Find listings in Wintergreen Resort, Montebello and throughout the Blue Ridge Mountains. Browse details, get directions, and plan your visit.","","","","","true"
"farms-orchards","Farms & Orchards","Farms & Orchards","<h4>Farm-Fresh is an understatement.</h4><p>Our local Nelson County farms and orchards produce fresh fruits, vegetables, local organic meats, honey, cider, apple butter, jellies, jams, mushrooms, flowers, and so much more. Pick-your-own opportunities are available at select farms during the growing season and several farms feature choose and cut Christmas Trees in winter. Other unique locations feature products like lavender &amp; herbs, goats &amp; sheep, alpacas, edible plants, hops, vinegars, baked goods, and more.</p><p>Be sure to visit the&nbsp;<a href=""https://www.nelsonfarmersmarketcooperative.com/"" target=""_blank"">Nelson Farmers Market</a>&nbsp;on Saturday mornings, May through October, where a community of farmers and artisans showcase their products under the big white tent in the village of Nellysford. On Wednesday afternoons, the&nbsp;<a href=""https://www.lovingstonfarmersmarket.com/"" target=""_blank"">Village of Lovingston Farmers Market</a>&nbsp;offers local produce, baked goods and more.</p><p>Out of season, visit the&nbsp;<a href=""https://www.rockfishcc.org/"" target=""_blank"">Indoor Community Market</a>&nbsp;at Rockfish Valley Community Center, featuring local produce, meats, cheeses, jams, baked goods, plants, greenery, and arts and crafts items. <em>(First Saturdays in Nov., Dec., Feb. Mar. and April).</em></p>","","","Farms & Orchards | Nelson County, Virginia - Directory","Discover farms & orchards in Nelson County, Virginia. Find listings in Roseland, Lovingston and throughout the Blue Ridge Mountains. Browse details, get directions, and plan your visit.","Orchard & Craft Beverages Map","https://ik.imagekit.io/OE/nelson-county/Documents/Nelson-County-Orchards-Craft-Beverages-09-12-2022.pdf?updatedAt=1767207409280","","","true"
"restaurants","Restaurants","Restaurants","<p>Savor the flavors of Nelson County at locally owned restaurants featuring farm-to-table cuisine, regional specialties, and international fare. Many establishments source ingredients from local farms and orchards, ensuring fresh, seasonal menus that celebrate Virginia's agricultural heritage. From casual cafés to fine dining, these restaurants offer diverse menus, many with full kitchens preparing made-to-order meals.</p>","","","Restaurants | Nelson County, Virginia - Directory","Discover restaurants in Nelson County, Virginia. Find listings in Nellysford, Lovingston and throughout the Blue Ridge Mountains. Browse details, get directions, and plan your visit.","","","","","true"
"markets-delis","Markets & Delis","Markets & Delis","<p>Stock up on essentials and grab a bite at Nelson County's markets and delis, serving everything from breakfast biscuits to fried chicken and deli sandwiches. These local establishments are perfect for picnics, road trip provisions, and quick meals, many featuring homemade baked goods, daily specials, and local specialties.</p>","","","Markets & Delis | Nelson County, Virginia - Directory","Discover markets & delis in Nelson County, Virginia. Find listings in Schuyler, Afton and throughout the Blue Ridge Mountains. Browse details, get directions, and plan your visit.","","","","","true"
"breweries-cideries","Breweries & Cideries","Breweries & Cideries","<p>Experience Nelson County's thriving craft beverage scene at breweries and cideries along the Nelson 151 and Nelson 29 trails. Sample award-winning beers and hard ciders made from Virginia apples, enjoy tastings and flights, and experience the craft behind each pour. Many locations feature live music, food trucks, outdoor seating, and scenic mountain views, creating welcoming taprooms perfect for gathering with friends and family.</p>","","","Breweries & Cideries | Nelson County, Virginia - Directory","Experience Nelson County's thriving craft beverage scene at breweries and cideries along the Nelson 151 and Nelson 29 trails. Sample award-winning beers and hard ciders made from Virginia apples, enjoy tastings and flights, and experience the craft behind each pour. Many locations feature live music, food trucks, outdoor seating, and scenic mountain views, creating welcoming taprooms perfect for gathering with friends and family.","Craft Beverages Map","https://ik.imagekit.io/OE/nelson-county/Documents/Nelson-County-Orchards-Craft-Beverages-09-12-2022.pdf?updatedAt=1767207409280","","","true"
"vineyards-wineries","Vineyards & Wineries","Vineyards & Wineries","<p>Sip award-winning wines at Nelson County's vineyards and wineries, many offering panoramic Blue Ridge Mountain views and terraced vineyards. From cool-climate varietals to sparkling wines produced using traditional methods, these wineries host tastings, tours, and special events throughout the year. Many locations feature expansive patios and outdoor spaces where you can enjoy wine while taking in breathtaking mountain vistas.</p>","","","Vineyards & Wineries | Nelson County, Virginia - Directory","Discover vineyards & wineries in Nelson County, Virginia. Find listings in Afton, Faber and throughout the Blue Ridge Mountains. Browse details, get directions, and plan your visit.","Craft Beverages Map","https://ik.imagekit.io/OE/nelson-county/Documents/Nelson-County-Orchards-Craft-Beverages-09-12-2022.pdf?updatedAt=1767207409280","","","true"
"bed-and-breakfast","Bed and Breakfast","Bed and Breakfast","<p>Experience warm hospitality at Nelson County's bed and breakfasts, where historic charm meets modern comfort. These intimate accommodations often feature gourmet breakfasts, unique architecture, and personalized service in settings ranging from mountain inns to country estates.</p>","","","Bed and Breakfast | Nelson County, Virginia - Directory","Experience warm hospitality at Nelson County's bed and breakfasts, where historic charm meets modern comfort. These intimate accommodations often feature gourmet breakfasts, unique architecture, and personalized service in settings ranging from mountain inns to country estates.options in Nelson County, Virginia. Find listings in Afton, Nellysford and throughout the Blue Ridge Mountains. Browse details, get directions, and plan your visit.","","","","","true"
"fishing","Fishing","Fishing","<p>Cast a line in Nelson County's pristine rivers, streams, and lakes, home to trout, bass, and other freshwater fish. From the James and Rockfish Rivers to stocked trout streams and mountain lakes, anglers will find excellent fishing opportunities throughout the county.</p>","","","Fishing | Nelson County, Virginia - Directory","Cast a line in Nelson County's pristine rivers, streams, and lakes, home to trout, bass, and other freshwater fish. From the James and Rockfish Rivers to stocked trout streams and mountain lakes, anglers will find excellent fishing opportunities throughout the county.","","","","","false"
"vacation-rentals","Vacation Rentals","Vacation Rentals","<p>Find your perfect vacation rental in Nelson County, from mountain cabins to spacious homes ideal for families and groups. These properties offer the comforts of home with the flexibility to explore at your own pace, many featuring full kitchens, outdoor spaces, and scenic locations in the Blue Ridge Mountains.</p>","","","Vacation Rentals | Nelson County, Virginia - Directory","Discover vacation rentals in Nelson County, Virginia. Find listings in Wintergreen Resort, Roseland and throughout the Blue Ridge Mountains. Browse details, get directions, and plan your visit.","","","","","false"
"biking","Biking","Biking","<p>Explore Nelson County's scenic cycling routes, from challenging mountain climbs along the Blue Ridge Parkway to leisurely rides through rolling countryside. Many routes offer stunning mountain vistas and pass through charming communities, making cycling a perfect way to experience the Blue Ridge landscape.</p><p>For general information about cycling in Nelson County, call Martin Versluys at&nbsp;<a href=""tel:434-361-9357"">434-361-9357</a>.</p><p>To obtain a copy of the Bicycling in Virginia Map (VDOT), please visit or contact:</p><p><strong>Nelson County Visitors Center</strong><br>8519 Thomas Nelson Highway<br>Lovingston, VA 22949<br><a href=""tel:434-263-7015"">434-263-7015</a></p>","","","Biking | Nelson County, Virginia - Directory","Explore Nelson County's scenic cycling routes, from challenging mountain climbs along the Blue Ridge Parkway to leisurely rides through rolling countryside. Many routes offer stunning mountain vistas and pass through charming communities, making cycling a perfect way to experience the Blue Ridge landscape.","","","Download Bike Tour Guide","https://framerusercontent.com/assets/C2zo0plNuNbzH1TCoHplj8eyJg.pdf","false"
"coffee-shops","Coffee Shops","Coffee Shops","<p>Start your day right at Nelson County's coffee shops, where locally roasted beans and artisanal brewing meet mountain hospitality. From organic roasteries roasting certified-organic beans to order to cozy cafés serving espresso and specialty drinks, these spots offer the perfect fuel for exploring the Blue Ridge Mountains.</p>","","","Coffee Shops | Nelson County, Virginia - Directory","Discover coffee shops in Nelson County, Virginia. Find listings in Wintergreen Resort, Lovingston and throughout the Blue Ridge Mountains. Browse details, get directions, and plan your visit.","","","","","false"
"canoeing","Canoeing","Canoeing","<p>Paddle through Nelson County's waterways on canoeing or kayaking adventures along the James, Rockfish, and Tye Rivers. These scenic river trips offer opportunities for wildlife viewing, fishing, and peaceful exploration of the Blue Ridge foothills, with some locations providing equipment rentals and shuttle services.</p><h6>Beginning January 1, 2021, any person using a Department of Wildlife Resources (DWR)-owned or managed facility,&nbsp;<strong>including boating access sites</strong>, must have a valid Virginia hunting, trapping, or fishing permit, a Restore the Wild membership, an access permit, or current certificate of boat registration issued by DWR to use the facility. This does not apply to persons under the age of 17 or passengers with a permitted operator. The operator must have a permit.&nbsp;<a href=""https://dwr.virginia.gov/boating/access-faq/"" target=""_blank"">Click here</a>&nbsp;for the FAQs from the Virginia Department of Wildlife Resources.</h6>","","","Canoeing | Nelson County, Virginia - Directory","Paddle through Nelson County's waterways on canoeing adventures along the James, Rockfish, and Tye Rivers. These scenic river trips offer opportunities for wildlife viewing, fishing, and peaceful exploration of the Blue Ridge foothills, with some locations providing equipment rentals and shuttle services.","","","","","false"
"museums-heritage","Museums & Heritage","Museums & Heritage","<p>Step back in time at Nelson County's museums and heritage sites, preserving the region's rich history and culture. From Walton's Mountain Museum celebrating the famous television show to historic mills and cultural centers, these attractions offer insights into Nelson County's past and present.</p>","","","Museums & Heritage | Nelson County, Virginia - Directory","Discover museums & heritage in Nelson County, Virginia. Find listings in Schuyler, Arrington and throughout the Blue Ridge Mountains. Browse details, get directions, and plan your visit.","","","","","false"
"distilleries","Distilleries","Distilleries","<p>Discover handcrafted spirits at Nelson County's distilleries, producing award-winning single malt whisky, gin, bourbon, and more. These craft distilleries use local grains and mountain water to create unique spirits, offering tours, tastings, and cocktail experiences. From small-batch operations to larger facilities, each distillery brings its own character and expertise to Virginia's growing spirits scene.</p>","","","Distilleries | Nelson County, Virginia - Directory","Discover distilleries in Nelson County, Virginia. Find listings in Roseland, Afton and throughout the Blue Ridge Mountains. Browse details, get directions, and plan your visit.","Craft Beverages Map","https://ik.imagekit.io/OE/nelson-county/Documents/Nelson-County-Orchards-Craft-Beverages-09-12-2022.pdf?updatedAt=1767207409280","","","false"
"motels-inns","Motels & Inns","Motels & Inns","<p>Stay at Nelson County's motels and inns, offering comfortable accommodations with easy access to attractions, dining, and outdoor recreation. These convenient lodgings provide a home base for exploring the Blue Ridge Mountains, craft beverage trails, and local communities.</p>","","","Motels & Inns | Nelson County, Virginia - Directory","Discover motels & inns in Nelson County, Virginia. Find listings in Lovingston, Roseland and throughout the Blue Ridge Mountains. Browse details, get directions, and plan your visit.","","","","","false"
"golf","Golf","Golf","<p>Tee off at Nelson County's golf courses, featuring challenging layouts set against the stunning backdrop of the Blue Ridge Mountains. From resort courses to public facilities, golfers can enjoy well-maintained fairways, scenic views, and year-round play in Virginia's mountain climate.</p>","","","Golf | Nelson County, Virginia - Directory","Tee off at Nelson County's golf courses, featuring challenging layouts set against the stunning backdrop of the Blue Ridge Mountains. From resort courses to public facilities, golfers can enjoy well-maintained fairways, scenic views, and year-round play in Virginia's mountain climate.","","","","","false"
"horseback-riding","Horseback Riding","Horseback Riding","<p>Saddle up for horseback riding adventures through Nelson County's scenic trails and countryside. Experience the Blue Ridge Mountains from a unique perspective, with guided trail rides suitable for all skill levels, offering a peaceful way to explore the natural beauty of the region.</p>","","","Horseback Riding | Nelson County, Virginia - Directory","Discover horseback riding options in Nelson County, Virginia. Find listings in Nelson County, Afton and throughout the Blue Ridge Mountains. Browse details, get directions, and plan your visit.","","","","","false"
"campgrounds-glamping","Campgrounds & Glamping","Campgrounds & Glamping","<p>Sleep under the stars at Nelson County's campgrounds and glamping sites, from primitive tent sites to luxurious outdoor accommodations. Many locations offer proximity to hiking trails, rivers, and craft beverage destinations, making them ideal basecamps for outdoor adventures in the Blue Ridge Mountains.</p>","","","Campgrounds & Glamping | Nelson County, Virginia - Directory","Discover campgrounds & glamping options in Nelson County, Virginia. Find listings in Montebello, Roseland and throughout the Blue Ridge Mountains. Browse details, get directions, and plan your visit.","","","","","false"
"swimming","Swimming","Swimming","<p>Cool off in Nelson County's swimming spots, from mountain lakes and resort pools to natural swimming holes along rivers and streams. Many locations offer sandy beaches, picnic areas, and water recreation facilities for families and outdoor enthusiasts seeking relief from summer heat.</p>","","","Swimming | Nelson County, Virginia - Directory","Discover swimming in Nelson County, Virginia. Find listings in Montebello and throughout the Blue Ridge Mountains. Browse details, get directions, and plan your visit.","","","","","false"
"guided-tours","Guided Tours","Guided Tours","<p>Explore Nelson County with expert guides on tours covering everything from craft beverage tastings to outdoor adventures and historical sites. These guided experiences offer insider knowledge, safety for challenging activities, and curated itineraries showcasing the best of Nelson County.</p>","","","Guided Tours | Nelson County, Virginia - Directory","Explore Nelson County with expert guides on tours covering everything from craft beverage tastings to outdoor adventures and historical sites. These guided experiences offer insider knowledge, safety for challenging activities, and curated itineraries showcasing the best of Nelson County.","","","","","false"
"art-artisans","Art & Artisans","Art & Artisans","<p>Explore Nelson County's vibrant arts scene at galleries, studios, and artisan shops showcasing local talent. From pottery and glassblowing studios to paintings and handcrafted goods, these venues celebrate the creativity and craftsmanship of Nelson County artists.</p>","","","Art & Artisans | Nelson County, Virginia - Directory","Explore Nelson County's vibrant arts scene at galleries, studios, and artisan shops showcasing local talent. From pottery and glassblowing studios to paintings and handcrafted goods, these venues celebrate the creativity and craftsmanship of Nelson County artists.","","","","","false"