name,slug,type,category,area,description,detailedDescription,customHtml,image1,image1Desc,image1FileId,image2,image2Desc,image2FileId,image3,image3Desc,image3FileId,website,phone,address,authorName,publishedDate,modifiedDate,directionsLink,videoLink,document1,document1Name,document2,document2Name,accordionPanel1Title,accordionPanel1Content,accordionPanel2Title,accordionPanel2Content,accordionPanel3Title,accordionPanel3Content,accordionPanel4Title,accordionPanel4Content,amenities,featured,googleMapsUrl,private,videoUrl,author,latitude,longitude,accordion1Title,accordion1Content,accordion2Title,accordion2Content,accordion3Title,accordion3Content,accordion4Title,accordion4Content,accordion5Title,accordion5Content
Rapunzel’s Coffee & Books,rapunzels-coffee-books,Attraction,culture,Lovingston,"Rapunzel’s Further Ado Foundation hosts live music every Wednesday, Friday, and Saturday evenings starting at 8pm.","<p>Rapunzel’s Coffee and Books is an eclectic arts venue, community space, coffee shop, and used bookstore located in The Packing Shed in historic Lovingston, Virginia. Rapunzel’s Further Ado Foundation hosts live music every Wednesday, Friday, and Saturday evenings starting at 8pm.</p>

<p>Rapunzel’s is a listening-room, living-room-style environment. Come get comfortable with a good book and a cup of coffee or tea, and settle in for an evening of music on the couch of your choice… we have free wi-fi and serve only Nelson County local brews (wine, beer, and, cider). Join us! <br><br><strong>Address:</strong> 924 Front Street, Lovingston, VA 22949<br>

<br><br><strong>Phone:</strong> <a href='tel:4342636660'>434-263-6660</a></p>",,https://ik.imagekit.io/OE/nelson-county/listings/Rapunzels-Coffee-Books-S_X_pf3cwp6.jpg,"Red building with ESPRESSO BOOKS sign, lit by string lights in evening.",,,,,,,,https://www.rapunzelscoffeeandbooks.org/,434-263-6660,"924 Front Street Lovingston, VA 22949",,2021-11-14,2024-06-13,,,,,,,,,,,,,,,"Beer, Cider, Coffee, Live Music, Tea, Wi-Fi, Wine, Events",FALSE,https://www.google.com/maps/search/?api=1&query=924+Front+Street+Lovingston%2C+VA+22949,False,,,37.7645736,-78.8698239,,,,,,,,,,
Sweet Bliss Bakery,sweet-bliss-bakery,Attraction,culture,Nellysford,"We love supporting our local farmers, and offer seasonal desserts so they are at their peak of freshness..","<p>Our desserts are lovingly handcrafted from the finest ingredients. We love supporting our local farmers, and offer seasonal desserts so they are at their peak of freshness. We are passionate about creating fresh, decadent desserts, and seeing our clients smile. Our specialty are cheesecakes and cakes. We have over 50 flavors, and are always creating new flavors. We take our time to bake the highest quality desserts and hand- decorate each creation, so no two are alike. Many of our cakes are infused with liqueurs to enhance their natural flavors, decorated with nuts, candies, fresh fruits and a variety of chocolates. In addition to cheesecakes and cakes, we offer a full-line menu of pastry items such as pies, scones, muffins, cookies, brownies, blondies, cream puffs, eclairs and other scrumptious desserts. Our desserts carry the Virginia’s Finest label to ensure the finest quality possible. They are never frozen, and contain no preservatives, additives or fillers. Offering a homemade soup of the day and a specialty quiche of the day. 2789 Rockfish Valley Highway Nellysford, VA 22958 <br><br><strong>Phone:</strong> <a href='tel:4344656776'>434-465-6776</a></p>",,https://ik.imagekit.io/OE/nelson-county/listings/Sweet-Bliss-Bakery_UbSUwIMptN.jpg,Red bakery sign with ornate gold border and lights.,,,,,,,,https://www.facebook.com/thecheesecakelady123/,434-465-6776,"2789 Rockfish Valley Highway Nellysford, VA 22958",,2024-05-16,2024-06-12,,,,,,,,,,,,,,,"Bakery, Desserts",FALSE,https://www.google.com/maps/search/?api=1&query=2789+Rockfish+Valley+Highway+Nellysford%2C+VA+22958,False,,,37.8898785,-78.87494869999999,,,,,,,,,,
Terrace Café,terrace-cafe-at-wintergreen-resort,Coffee Shops,taste,Wintergreen,"The Terrace Café proudly serves a variety of Starbucks beverages, perfect for a quick pick-me-up. Stop in to enjoy delicious breakfast sandwiches, sweet treats, and warm specialty drinks that will brighten your day. Located at 39 Mountain Inn Loop in Wintergreen, VA, the café's hours vary by season, so be sure to check in for the latest updates.","<p>Stop in for a shot of energy! The Terrace Café proudly serve Starbucks beverages. Enjoy breakfast sandwiches, sweet treats, and warm specialty drinks to brighten your day. Hours vary by season. 39 Mountain Inn Loop Wintergreen, VA 22958 <br><br><strong>Phone:</strong> <a href='tel:4343258080'>434-325-8080</a></p>",,https://ik.imagekit.io/OE/nelson-county/listings/terrace-cafe_5ehuRdc9qd.jpg,,,,,,,,,https://www.wintergreenresort.com/terrace-cafe/,434-325-8080,"39 Mountain Inn Loop, Wintergreen, VA 22958",,2024-05-16,2024-05-16,,,,,,,,,,,,,,,"Breakfast, Cafe, Resort",FALSE,https://www.google.com/maps/search/?api=1&query=39%20Mountain%20Inn%20Loop%2C%20Wintergreen%2C%20VA%2022958,False,,,37.9157451,-78.93927649999999,,,,,,,,,,
Trager Brothers Coffee 1.0,trager-brothers-coffee-1-0,Coffee Shops,taste,Lovingston,"TBC is family-owned and operated, small-batch, and completely “a mano.” We sight roast to order and do not warehouse roasted coffee of any kind. The café pours fresh espresso, sells whole beans, and champions sustainable sourcing relationships with growers worldwide.","<p>TBC is family-owned and operated, small-batch, and completely “a mano.” We sight roast to order and do not warehouse roasted coffee of any kind. Our roasters and baristas meticulously cup each coffee we source, collectively creating roast profiles that coax out and enhance the inherent flavor characteristics that are special to each particular origin. We are proud to serve only Organic coffee and are an OCIA certified Organic coffee roastery. We are committed to bringing you the highest quality, freshest, environmentally sound coffee on the market. We believe in sourcing coffee from farms that are committed to environmental sustainability and fair wages for farmers and their families. This has led us to a lifelong pursuit of building relationships with like-minded people in the Specialty Coffee Industry and with farms and collectives throughout the world. 486 Front St Lovingston, VA 22949 <br><br><strong>Phone:</strong> <a href='tel:4342638916'>434-263-8916</a></p>",,https://ik.imagekit.io/OE/nelson-county/listings/trager-brothers-coffee-1-0-image1_CD5zSPxJ7,"Two people smiling, one holding coffee logo sticker towards camera.",,,,,,,,https://www.tbcroasters.com/,434-263-8916,"486 Front St Lovingston, VA 22949",,2024-05-16,2025-07-04,,,,,,,,,,,,,,,"Coffee, Market, Organic",FALSE,https://www.google.com/maps/search/?api=1&query=486+Front+St+Lovingston%2C+VA+22949,False,,,37.7581405,-78.8705094,,,,,,,,,,
Trager Brothers Coffee 2.0,trager-brothers-coffee-2-0,Coffee Shops,taste,Afton,"Organic coffeehouse at the Rockfish Valley School campus with freshly roasted beans, espresso drinks, and grab-and-go service from Trager Brothers Coffee. TBC is family-owned and operated, small-batch, and completely “a mano.” We sight roast to order and do not warehouse roasted coffee of any kind.","<p>TBC is family-owned and operated, small-batch, and completely “a mano.” We sight roast to order and do not warehouse roasted coffee of any kind. Our roasters and baristas meticulously cup each coffee we source, collectively creating roast profiles that coax out and enhance the inherent flavor characteristics that are special to each particular origin. We are proud to serve only Organic coffee and are an OCIA certified Organic coffee roastery. We are committed to bringing you the highest quality, freshest, environmentally sound coffee on the market. We believe in sourcing coffee from farms that are committed to environmental sustainability and fair wages for farmers and their families. This has led us to a lifelong pursuit of building relationships with like-minded people in the Specialty Coffee Industry and with farms and collectives throughout the world. 190 Rockfish Valley School Lane Afton, VA 22920 <br><br><strong>Phone:</strong> <a href='tel:4342638916'>434-263-8916</a></p>",,https://ik.imagekit.io/OE/nelson-county/listings/trager-brothers-coffee-2-0-image1_onAYYsQs0L,Barista decorating coffee foam with chocolate in a black cup.,,,,,,,,https://trager-brothers-coffee-20.goto-restaurants.com/,434-263-8916,"190 Rockfish Valley School Lane Afton, VA 22920",,2024-05-16,2025-12-02,,,,,,,,,,,,,,,"Coffee, Market, Organic",FALSE,https://www.google.com/maps/search/?api=1&query=190+Rockfish+Valley+School+Lane+Afton%2C+VA+22920,False,,,37.8744612,-78.912239,,,,,,,,,,
Afton Market,afton-market,Markets & Delis,taste,Afton,"Afton Market is a locally owned convenience stop offering fuel plus a short-order deli that fries up chicken, biscuits, and hot lunch plates. Locally owned convenience store and gas station with a breakfast-and-lunch deli known for fried chicken, fresh coffee, and fountain drinks.","<p>Convenience store and gas. Deli open for breakfast and lunch. Specialties include fried chicken, fresh coffee and fountain drinks. 10185 Rockfish Valley Highway Afton, VA 22920 <br><br><strong>Phone:</strong> <a href='tel:5404566111'>540-456-6111</a></p>",,https://ik.imagekit.io/OE/nelson-county/listings/Screenshot_2025-11-14_at_6.38.31_PM_U31i9aoWc.png,"Gas station with cars, convenience store, and trees in the background.",,,,,,,,,540-456-6111,"10185 Rockfish Valley Highway Afton, VA 22920",,2024-05-16,2024-06-12,,,,,,,,,,,,,,,"Breakfast, Coffee, Deli, Lunch, Market",FALSE,https://www.google.com/maps/search/?api=1&query=10185+Rockfish+Valley+Highway+Afton%2C+VA+22920,False,,,37.9814926,-78.83941460000001,,,,,,,,,,
Ashley’s Market,ashleys-market,Markets & Delis,taste,Afton,"Family-run convenience and gas stop with a deli serving breakfast biscuits, lunch sandwiches, fried chicken, and deli salads. Ashley's Market pairs gas pumps with a home-style deli serving breakfast biscuits, subs, fried chicken, and deli salads made to order.","<p>Locally owned convenience and gas store. The Deli is open for breakfast and lunch. Specialties include fried chicken, subs, and deli salads. 6445 Rockfish Valley Highway Afton, VA 22920 <br><br><strong>Phone:</strong> <a href='tel:4343612087'>434-361-2087</a></p>",,https://ik.imagekit.io/OE/nelson-county/listings/ashley-s-market-image1_-O8C_lefS,Market storefront under clear blue sky with vending machines outside.,,https://ik.imagekit.io/OE/nelson-county/listings/ashley-s-market-image2_BHBW3b0b2,Market entrance with vending machines under a clear blue sky.,,,,,https://www.facebook.com/ashleysmaket151/,434-361-2087,"6445 Rockfish Valley Highway Afton, VA 22920",,2024-05-16,2024-06-13,,,,,,,,,,,,,,,"Breakfast, Deli, Lunch, Market",FALSE,https://www.google.com/maps/search/?api=1&query=6445+Rockfish+Valley+Highway+Afton%2C+VA+22920,False,,,37.9306907,-78.8387891,,,,,,,,,,
Chicken Coop,chicken-coop,Markets & Delis,taste,Lovingston,"Inside the Nelson Food Mart Exxon, Chicken Coop turns out crispy fried chicken, smoked barbecue, burgers, and hearty sandwiches plus sides like mac and cheese. It's a quick-service comfort-food counter where everything is cooked to order for dine-in or carryout.","<p>Homemade chicken, barbecue, fresh burgers, mac and cheese, and variety of sandwiches. Located in the Nelson Food Mart (Exxon Station) 40 Front Street Afton, VA 22920 <br><br><strong>Phone:</strong> <a href='tel:4342637818'>434-263-7818</a></p>",,https://ik.imagekit.io/OE/nelson-county/listings/chicken-coop-image1_PIMkxTnKd,Cars parked in front of a brick food market.,,,,,,,,https://www.facebook.com/ashleysmaket151/,434-263-7818,"40 Front Street Afton, VA 22920",,2024-05-16,2024-06-12,,,,,,,,,,,,,,,"Deli, BBQ, Takeout",FALSE,https://www.google.com/maps/search/?api=1&query=40+Front+Street+Afton%2C+VA+22920,False,,,38.0323988,-78.8395137,,,,,,,,,,
Colleen Deli,colleen-deli,Markets & Delis,taste,Arrington,"Exxon deli serving all-day breakfast, daily lunch specials, sandwiches, wraps, and homemade baked goods with a summertime salad bar.","<p>Daily fried chicken and lunch specials. Full breakfast served from open to close. Salad bar during the summer. Full menu featuring sandwiches, wraps, subs and more. Homemade bake goods for your sweet tooth. Located in the Colleen Exxon &amp; Convenience Mart on Rt. 29 (5 miles south of Lovingston) in Nelson County. 4071 Thomas Nelson Hwy Arrington VA 22922 <br><br><strong>Phone:</strong> <a href='tel:4342638300'>434-263-8300</a></p>",,https://ik.imagekit.io/OE/nelson-county/listings/colleen-deli-image1_Qm3EZKyhY,"Gas station with red canopy, two pumps, parked cars, and convenience store in background.",,,,,,,,https://www.facebook.com/ashleysmaket151/,434-263-8300,4071 Thomas Nelson Hwy Arrington VA 22922,,2024-05-17,2024-06-13,,,,,,,,,,,,,,,"Bar, Breakfast, Deli, Lunch",FALSE,https://www.google.com/maps/search/?api=1&query=4071+Thomas+Nelson+Hwy+Arrington+VA+22922,False,,,37.7080243,-78.9343267,,,,,,,,,,
Corner Market,corner-market,Markets & Delis,taste,Schuyler,Neighborhood convenience store and gas station with a short-order deli serving breakfast biscuits and hot lunch items.,"<p>Convenience store and gas. Deli open for breakfast and lunch. Stop in and check out our deli items. 11309 James River Road Shipman, VA 22971 <br><br><strong>Phone:</strong> <a href='tel:4342635500'>434-263-5500</a></p>",,https://ik.imagekit.io/OE/nelson-county/listings/corner-market-image1_wiPXqe1ES,"Small convenience store with illuminated signs, parked car, and visible interior lights.",,,,,,,,https://www.facebook.com/ashleysmaket151/,434-263-5500,"11309 James River Road Shipman, VA 22971",,2024-05-17,2024-06-13,,,,,,,,,,,,,,,"Breakfast, Deli, Lunch, Market",FALSE,https://www.google.com/maps/search/?api=1&query=11309+James+River+Road+Shipman%2C+VA+22971,False,,,37.7238848,-78.8514467,,,,,,,,,,
Graves Grocery & Deli,graves-grocery-deli,Markets & Delis,community,Nellysford,"Graves Grocery & Deli is a long-running Route 151 fixture where travelers top off the tank, grab breakfast sandwiches, and order made-to-order lunches before exploring the Rockfish Valley. Friendly counter service and quick deli classics make it a reliable daily stop.","<p>Convenience store and gas. Deli open: breakfast and lunch daily. 1779 Rockfish Valley Hwy. Nellysford, VA 22958 <br><br><strong>Phone:</strong> <a href='tel:4343612504'>434-361-2504</a></p>",,https://ik.imagekit.io/OE/nelson-county/listings/graves-grocery-deli-image1_DBJko9s0a,"Storefront with red sign, vending machines, and newspaper stands outside.",,,,,,,,https://www.facebook.com/ashleysmaket151/,434-361-2504,1779 Rockfish Valley Hwy,,2024-05-17,2024-06-13,,,,,,,,,,,,,,,"Breakfast, Deli, Lunch",FALSE,https://www.google.com/maps/search/?api=1&query=1779+Rockfish+Valley+Hwy,False,,,37.88681010000001,-78.8921345,,,,,,,,,,
Hickman’s Exxon Grocery,hickmans-exxon-grocery,Markets & Delis,community,Roseland,"Hickman's Exxon Grocery near Beech Grove supplies fuel, hunting gear, and a hot breakfast-and-lunch deli favored by Wintergreen visitors. The store also serves as a certified game-checking station, making it a handy hub during deer, bear, and turkey seasons.","<p>Convenience Store and Gas. Deli open for Breakfast and Lunch daily. Game Checking Station (all game) 1311 Beech Grove Road Roseland, VA 22967 <br><br><strong>Phone:</strong> <a href='tel:4343611205'>434-361-1205</a></p>",,https://ik.imagekit.io/OE/nelson-county/listings/hickman-s-exxon-grocery-image1_s5gtjxUQJ,"Small shop with red roof, 'Open' sign, and outdoor seating under sunny sky.",,,,,,,,https://www.facebook.com/ashleysmaket151/,434-361-1205,"1311 Beech Grove Road Roseland, VA 22967",,2024-05-17,2024-05-17,,,,,,,,,,,,,,,"Breakfast, Deli, Lunch",FALSE,https://www.google.com/maps/search/?api=1&query=1311+Beech+Grove+Road+Roseland%2C+VA+22967,False,,,37.8748885,-78.9363376,,,,,,,,,,
IGA Blue Ridge Grocery,iga-blue-ridge-grocery,Markets & Delis,community,Nellysford,"Community supermarket providing full groceries, everyday essentials, and friendly service in the Rockfish Valley.","<p>Blue Ridge Grocery provides groceries to your local community. Enjoy your shopping experience when you visit our supermarket. 2797 Rockfish Valley Highway Nellysford, VA 22958 <br><br><strong>Phone:</strong> <a href='tel:4343611105'>434-361-1105</a></p>",,https://ik.imagekit.io/OE/nelson-county/listings/iga-blue-ridge-grocery-image1_9UYmGsIn7,"Grocery store facade with shopping carts, icy machine, and open sign.",,,,,,,,https://nellysford.iga.com/,434-361-1105,"2797 Rockfish Valley Highway Nellysford, VA 22958",,2024-05-17,2024-06-13,,,,,,,,,,,,,,,Market,FALSE,https://www.google.com/maps/search/?api=1&query=2797+Rockfish+Valley+Highway+Nellysford%2C+VA+22958,False,,,37.8900081,-78.8744895,,,,,,,,,,
Ike’s Market & Deli,ikes-market-deli,Markets & Delis,community,Schuyler,"Ike's Market & Deli on Rockfish River Road stocks convenience essentials, fishing supplies, and a deli counter with rotating daily specials. Riverside convenience store and deli featuring hot menu specials, grab-and-go items, and a game checking station.","<p>Convenience Store and Deli. Deli open – featuring specials and menu items. Game Checking Station 6597 Rockfish River Road Schuyler, VA 22969 <br><br><strong>Phone:</strong> <a href='tel:4348311185'>434-831-1185</a></p>",,https://ik.imagekit.io/OE/nelson-county/listings/ike-s-market-deli-image1_7BFICV0DZ,"Baked potato with cheese, baked beans, carrots, and saucy pulled pork on plate.",,,,,,,,https://nellysford.iga.com/,434-831-1185,"6597 Rockfish River Road Schuyler, VA 22969",,2024-05-17,2024-06-13,,,,,,,,,,,,,,,"Deli, Market, Fishing",FALSE,https://www.google.com/maps/search/?api=1&query=6597+Rockfish+River+Road+Schuyler%2C+VA+22969,False,,,37.7918165,-78.7039514,,,,,,,,,,
Indian Oven,indian-oven,Restaurants,taste,Lovingston,"Embark on a culinary journey through India at Indian Oven, where authentic dishes are prepared with the freshest ingredients and meticulous attention to detail. From fiery curries to coconut-infused delights, our menu offers something for everyone.<br><br>Immerse yourself in the warm and inviting atmosphere of our restaurant and savor the flavors of India.","<p>Embark on a culinary journey through India at Indian Oven, where authentic dishes are prepared with the freshest ingredients and meticulous attention to detail. From fiery curries to coconut-infused delights, our menu offers something for everyone. Immerse yourself in the warm and inviting atmosphere of our restaurant and savor the flavors of India. 10749 Thomas Nelson Hwy Lovingston, VA 22949 <br><br><strong>Phone:</strong> <a href='tel:4342634080'>434-263-4080</a></p>",,https://ik.imagekit.io/OE/nelson-county/listings/indian-oven-image1_0QlheMSPI,Restaurant entrance with 'Indian Oven' sign on white brick exterior wall.,,,,,,,,https://nellysford.iga.com/,434-263-4080,"10749 Thomas Nelson Hwy Lovingston, VA 22949",,2024-05-17,2024-06-13,,,,,,,,,,,,,,,"Lunch, Dinner",FALSE,https://www.google.com/maps/search/?api=1&query=10749+Thomas+Nelson+Hwy+Lovingston%2C+VA+22949,False,,,37.7811588,-78.86835769999999,,,,,,,,,,
Mac’s Country Store,macs-country-store,Markets & Delis,community,Roseland,"Serving breakfast, lunch, and dinner, Mac's Country Store offers daily specials for both eat-in and take-out. Our famous fried chicken is renowned as the best around, and we also feature a selection of subs and deli salads.<br><br>In addition to our delicious meals, we sell antiques within the store. Stop by and enjoy a taste of local flavor in a welcoming atmosphere!","<p>Serving Breakfast, Lunch &amp; Dinner. Daily specials, eat in or take out. Our famous fried chicken is the best around. Antiques sold within the store too. At the the intersection of Routes 151 and 56 and Roseland Road. 7023 Patrick Henry Hwy. Roseland, VA 22967 <br><br><strong>Phone:</strong> <a href='tel:4342775305'>434-277-5305</a></p>",,https://ik.imagekit.io/OE/nelson-county/listings/mac-s-country-store-image1_Gk_Ua_dFF,"White building with vending machines, parked car, and trees in the background.",,https://ik.imagekit.io/OE/nelson-county/listings/mac-s-country-store-image2_YzwsuX-Df,"White building with vending machines, parked car, and wooden porch surrounded by trees.",,https://ik.imagekit.io/OE/nelson-county/listings/mac-s-country-store-image3_SvqK4KDnb,Tie-dye background with bold white text in cursive font.,,https://nellysford.iga.com/,434-277-5305,151 and 56 and Roseland Road. 7023 Patrick Henry Hwy,,2024-05-17,2024-05-17,,,,,,,,,,,,,,,"Breakfast, Dinner, Lunch",FALSE,https://www.google.com/maps/search/?api=1&query=151+and+56+and+Roseland+Road.+7023+Patrick+Henry+Hwy,False,,,37.7549156,-78.98493959999999,,,,,,,,,,
Subway,subway,Markets & Delis,taste,Lovingston,"Subway franchise in Annie Land Plaza making customizable sandwiches, salads, and wraps seven days a week. (open later on Fridays, earlier-closing Sundays).","<p>“The way a sandwich should be.” Hours: 10 am-10 pm; Friday night until 11 pm; Sunday until 9 p.m. Located in Annie Land Plaza, Highway 29 in Lovingston. 65 Callohill Drive Lovingston, VA 22949 <br><br><strong>Phone:</strong> <a href='tel:4342636800'>434-263-6800</a></p>",,https://ik.imagekit.io/OE/nelson-county/listings/subway-image1_ASH5hYhT2,"Brick storefront with Subway and tobacco shop signs, under clear blue sky.",,https://ik.imagekit.io/OE/nelson-county/listings/subway-image2_FsH2B7eDE,"Brick building with Subway and vape shop, clear sky above.",,,,,https://restaurants.subway.com/united-states/va/lovingston/65-callohill-drive,434-263-6800,"65 Callohill Drive, Lovingston, VA 22949",,2024-05-17,2024-06-13,,,,,,,,,,,,,,,"Deli, Takeout",FALSE,https://www.google.com/maps/search/?api=1&query=29+in+Lovingston.+65+Callohill+Drive+Lovingston%2C+VA+22949,False,,,37.7529264,-78.8780826,,,,,,,,,,
The Market at Wintergreen,the-market-at-wintergreen,Markets & Delis,community,Wintergreen,"The Market at Wintergreen offers a convenient shopping experience with a variety of groceries, deli items, and gas services. You can also find Wintergreen sweatshirts and tee shirts to take home as a souvenir.<br><br>Our deli is open daily from 7:30 am to 7:30 pm, providing fresh options for your meals and snacks.","<p>Convenience Store, Groceries, Deli and Gas. Wintergreen sweatshirts and tee shirts. Deli open: 7:30 am to 7:30 pm daily. 189 Mountain Inn Loop Wintergreen, VA 22958 <br><br><strong>Phone:</strong> <a href='tel:4343258224'>434-325-8224</a></p>",,https://ik.imagekit.io/OE/nelson-county/listings/the-market-at-wintergreen-image1_mYJhz6AkM,"Customers at deli counter inside a market, browsing and buying packaged food items.",,,,,,,,https://www.wintergreenresort.com/the-market-at-wintergreen/,434-325-8224,"189 Mountain Inn Loop, Wintergreen, VA 22958",,2024-05-17,2024-06-13,,,,,,,,,,,,,,,"Deli, Market",FALSE,https://www.google.com/maps/search/?api=1&query=189%20Mountain%20Inn%20Loop%2C%20Wintergreen%2C%20VA%2022958,False,,,37.913307,-78.9426867,,,,,,,,,,
Williams Grocery,williams-grocery,Markets & Delis,community,Schuyler,"Williams Grocery is your go-to destination for all your grocery needs and fuel. We proudly feature local honey, fishing supplies, and bait, making it easy for you to stock up on essentials while enjoying the local flavors.<br><br>Whether you're preparing for a fishing trip or simply looking for quality groceries, Williams Grocery has you covered!","<p>Grocery Store and Gas. Featuring local honey, fishing supplies and bait. Game Checking Station (deer, bear &amp; turkey) 439 Williamstown Road Shipman, VA 22971 <br><br><strong>Phone:</strong> <a href='tel:4342634746'>434-263-4746</a></p>",,https://ik.imagekit.io/OE/nelson-county/listings/williams-grocery-image1_7ZxBQDA49,Gas pumps and store building surrounded by trees and hills under blue sky.,,,,,,,,https://restaurants.subway.com/united-states/va/lovingston/65-callohill-drive,434-263-4746,"439 Williamstown Road Shipman, VA 22971",,2024-05-17,2024-06-13,,,,,,,,,,,,,,,Fishing,FALSE,https://www.google.com/maps/search/?api=1&query=439+Williamstown+Road+Shipman%2C+VA+22971,False,,,37.673896,-78.8329517,,,,,,,,,,
Ann’s Family Restaurant,anns-family-restaurant,Restaurants,taste,Arrington,The homestyle spot closes Saturdays but keeps loyal regulars coming back for dependable Southern comfort food.,"<p>Good old country cooking. Fresh vegetables and specials every day. Closed Saturday. 1170 Thomas Nelson Hwy Arrington, VA 22922 <br><br><strong>Phone:</strong> <a href='tel:4342638110'>434-263-8110</a></p>",,https://ik.imagekit.io/OE/nelson-county/listings/ann-s-family-restaurant-image1_wg1eO0bow,Red-roofed restaurant with parked cars and campaign signs on grass.,,,,,,,,https://restaurants.subway.com/united-states/va/lovingston/65-callohill-drive,434-263-8110,"1170 Thomas Nelson Hwy Arrington, VA 22922",,2024-05-17,2024-06-13,,,,,,,,,,,,,,,"Breakfast, Lunch",FALSE,https://www.google.com/maps/search/?api=1&query=1170+Thomas+Nelson+Hwy+Arrington%2C+VA+22922,False,,,37.671449,-78.9526538,,,,,,,,,,
Basic Necessities,basic-necessities,Restaurants,taste,Nellysford,"Basic Necessities is a European-inspired café, wine, and cheese shop in the Rockfish Valley serving soups, salads, seasonal dinners with live music, and a popular Sunday brunch. Sunday brunch often features a harpist, and the shelves brim with imported cheeses, breads, and affordable bottles.","<p>Basic Necessities is an off-beat café, wine and cheese shop nestled in the Rockfish Valley of the Blue Ridge Mountains near Nellysford, Virginia. Since 1997 it has been offering what many call “a taste of Europe in the Blue Ridge Mountains.” It is known for in great wines at affordable prices, imported cheeses, a source of fresh local baked breads, and delicious meals in a colorful and creative atmosphere. The staff welcomes locals, skiers at Wintergreen Resort, traveling foodies, and those simply exploring beautiful Nelson County. At lunch they have long featured Sue Pfaltz’s delicious and innovative soups, big house salads, and seasonal specialties. Reservations are advised for Friday and Saturday night dinners where guests find creatively-prepared dishes and musical entertainment. The popular Sunday brunch is from 10-2 and frequently features a harpist during the middle of the day. 2226 Rockfish Valley Highway Nellysford, VA 22958 <br><br><strong>Phone:</strong> <a href='tel:4343611776'>434-361-1776</a></p>",,https://ik.imagekit.io/OE/nelson-county/listings/basic-necessities-image1_xjB3aTYi6,Cozy house with glowing string lights on fence at dusk.,,,,,,,,https://basicnecessities.us/,434-361-1776,"2226 Rockfish Valley Highway Nellysford, VA 22958",,2024-05-17,2024-06-13,,,,,,,,,,,,,,,"Brunch, Lunch, Resort, Wine, Live Music",FALSE,https://www.google.com/maps/search/?api=1&query=2226+Rockfish+Valley+Highway+Nellysford%2C+VA+22958,False,,,37.8864817,-78.8838579,,,,,,,,,,
Blue Mountain Brewery,blue-mountain-brewery,Breweries & Cideries,taste,Afton,Route 151 brewpub pouring flagship and seasonal ales alongside a from-scratch kitchen with sweeping Blue Ridge views..,"<p>Our full-service restaurant features appetizers, salads, sandwiches, burgers, specialty pizzas and desserts made from scratch using the highest quality ingredients we can find. 8-10 Blue Mountain draft beers, local wine, cider &amp; kombucha are available daily. Restaurant hours are 11am-10pm Monday-Saturday and 11am-9pm on Sunday. 9519 Critzers Shop Road Afton, VA 22920 <br><br><strong>Phone:</strong> <a href='tel:5404568020'>540-456-8020</a></p>",,https://ik.imagekit.io/OE/nelson-county/listings/blue-mountain-brewery-image1_tGxjiiEoX,"Pizza, beer, and grapes on a wooden table in outdoor sunlight.",,,,,,,,https://bluemountainbrewery.com/,540-456-8020,"9519 Critzers Shop Road Afton, VA 22920",,2024-05-17,2024-06-13,,,,,,,,,,,,,,,"Cider, Desserts, Wine, Beer",FALSE,https://www.google.com/maps/search/?api=1&query=9519+Critzers+Shop+Road+Afton%2C+VA+22920,False,,,38.01603,-78.82184579999999,,,,,,,,,,
Blue Ridge Pig,blue-ridge-pig,Restaurants,taste,Nellysford,"Blue Ridge Pig is a roadside smokehouse known for Strawberry Goodwin's on-site smoked meats, from classic pulled pork with slaw to Turkey Croissants with signature dill sauce. Blue Ridge Pig smokes pork, turkey, and other meats behind its tiny roadside shack, drawing fans for pulled pork sandwiches, turkey croissants, and house dill sauce.","<p>Whether it be the classic Pork Barbeque with slaw or the Turkey Croissant with the works (lettuce, tomato, cheddar cheese, mayo, and our special dill sauce), this quaint establishment will always keep you coming back for your Blue Ridge Pig fix. All of our meats are smoked on-site behind the restaurant by none other than Strawberry Goodwin himself. Every one of our recipes is unique, not only to the local area, but also to the entire east coast. The only way to experience this one-of-a-kind hog heaven is to stop by and check it out for yourself! 2198 Rockfish Valley Highway Nellysford, VA 22958 <br><br><strong>Phone:</strong> <a href='tel:4343611170'>434-361-1170</a></p>",,https://ik.imagekit.io/OE/nelson-county/listings/blue-ridge-pig-image1_yZZLDI6Ia,Cartoon pig with chef hat on weathered sign against trees and sky.,,,,,,,,https://www.facebook.com/blueridgepig,434-361-1170,"2198 Rockfish Valley Highway Nellysford, VA 22958",,2024-05-17,2024-06-13,,,,,,,,,,,,,,,"BBQ, Takeout",FALSE,https://www.google.com/maps/search/?api=1&query=2198+Rockfish+Valley+Highway+Nellysford%2C+VA+22958,False,,,37.8865701,-78.88415169999999,,,,,,,,,,
Bold Kitchen at Bold Rock,bold-kitchen-at-bold-rock,Taste,stay,Nellysford,Bold Kitchen at Bold Rock is a local restaurant serving a variety of dishes in a welcoming atmosphere.,"<p>Located on the famed beverage corridor along Rt. 151 in Nelson County, the flagship Bold Rock Cider Barn opened in August 2014 and represents our company headquarters, the center of operations, and primary cider production facility. The ‘Chapel of Apple’ as it is affectionately known is a beautifully rustic timber-framed barn overlooking the Rockfish River. Our staff will be happy to explain the process behind our award-winning craft hard cider and following a tasting, enjoy a pint, flight, or delicious food from our Bold Kitchen. 1020 Rockfish Valley Highway Nellysford, VA 22958 <br><br><strong>Phone:</strong> <a href='tel:4342262450'>434-226-2450</a></p>",,https://nelsoncounty.com/wp-content/uploads/2024/05/Bold-Kitchen-at-Bold-Rock.jpg,"Outdoor patio with tables, umbrellas, and mountain view under a clear blue sky.",,,,,,,,https://taprooms.boldrock.com/bold-rock-nellysford-cidery-b4b3ea2479bc,434-226-2450,"1020 Rockfish Valley Highway Nellysford, VA 22958",,1970-01-01,2024-05-17,,,,,,,,,,,,,,,"Coffee, Market, Organic, Wine, Cider",FALSE,https://www.google.com/maps/search/?api=1&query=1020+Rockfish+Valley+Highway+Nellysford%2C+VA+22958,False,,,37.8825224,-78.90345599999999,,,,,,,,,,
Chen’s Restaurant,chens-restaurant,Restaurants,taste,Lovingston,"Chen's Restaurant serves Chinese cuisine in Lovingston, offering a variety of dishes including fried chicken, stir-fries, and traditional Chinese favorites for lunch and takeout.","<p>Freshly prepared to order Chinese food to take out or eat in. Lunchtime specials. Located in the Annie Land Plaza, off Route 29, Lovingston. 73 Callohill Drive Lovingston, VA 22949 <br><br><strong>Phone:</strong> <a href='tel:4342638865'>434-263-8865</a></p>",,https://ik.imagekit.io/OE/nelson-county/listings/chen-s-restaurant-image1_yGrDjUjGy,"Glazed fried chicken pieces with broccoli florets, arranged closely together.",,,,,,,,https://taprooms.boldrock.com/bold-rock-nellysford-cidery-b4b3ea2479bc,434-263-8865,"73 Callohill Drive, Lovingston, VA 22949",,2024-05-17,2024-06-13,,,,,,,,,,,,,,,"Takeout, Lunch",FALSE,https://www.google.com/maps/search/?api=1&query=73+Callohill+Drive+Lovingston%2C+VA+22949,False,,,37.7529913,-78.8782263,,,,,,,,,,
Chirio’s Pizza,chirios-pizza,Restaurants,taste,Nellysford,"Chirio's Pizza is Nelson County's longest-running pizzeria, serving New York-style pies, subs, salads, and ice cream with eat-in, takeout, and delivery options from Valley Green Shopping Center. Chirio's Pizza, the county's oldest pizzeria since 1989, slings hand-tossed New York–style pies plus subs, salads, ice cream, and delivery from Valley Green Shopping Center.","<p>Oldest pizza establishment in Nelson County, since 1989. Authentic homemade NY pizza, subs, salads, sandwich specials, ice cream. Eat in, take-out, delivery. Discover why locals and visitors proclaim daily: “Simply the Best”. Bargain prices, quick service. In the Valley Green Shopping Center in Nellysford. 2777 Rockfish Valley Highway Nellysford, VA 22958 <br><br><strong>Phone:</strong> <a href='tel:4343619188'>434-361-9188</a></p>",,https://ik.imagekit.io/OE/nelson-county/listings/chirio-s-pizza-image1_UVtpKdV9N,Pepperoni pizza with olives and broccoli on a golden crust.,,,,,,,,https://chiriospizza.com/home/,434-361-9188,"2777 Rockfish Valley Highway Nellysford, VA 22958",,2024-05-17,2024-06-13,,,,,,,,,,,,,,,"Delivery, Pizza",FALSE,https://www.google.com/maps/search/?api=1&query=2777+Rockfish+Valley+Highway+Nellysford%2C+VA+22958,False,,,37.8897459,-78.8747881,,,,,,,,,,
Coquito Kitchen,coquito-kitchen,Restaurants,taste,Nellysford,"Coquito Kitchen blends Argentine and Southern comfort fare out of the Rockfish Valley Community Center, offering lunch Thursday through Saturday with rotating empanadas, sandwiches, and sides. Coquito Kitchen brings Rockfish Valley Community Center a mashup of Argentine comfort food and Virginia family recipes, serving empanadas, sandwiches, and seasonal sides Thursday through Saturday from late morning to early evening.","<p>Opened March 2024 at the Rockfish Valley Community Center! Coquito is a mix of Argentine and American fare to Nelson County, VA! We love Argentine food and we also love the Southern food we grew up eating here in VA. We wanted to celebrate both by blending our favorite comforting flavors and adding a twist here and there. Open Thursday-Saturday 11:00-6:00 190 Rockfish School Ln Afton, VA 22920</p>",,https://ik.imagekit.io/OE/nelson-county/listings/coquito-kitchen-image1_0G55fEaHh,"Cartoon bear and toucan with banjo, yellow circle background, 'Coquito' text.",,,,,,,,https://chiriospizza.com/home/,,"00 190 Rockfish School Ln Afton, VA 22920",,2024-05-17,2024-06-13,,,,,,,,,,,,,,,Lunch,FALSE,https://www.google.com/maps/search/?api=1&query=00+190+Rockfish+School+Ln+Afton%2C+VA+22920,False,,,37.922963,-78.84247289999999,,,,,,,,,,
Devils Backbone Brewing,devils-backbone-brewing,Restaurants,taste,Roseland,"Devils Backbone Basecamp pairs a wood-fired kitchen with 16 taps of house beer, coffee bar mornings, and meadow seating for concerts and events.","<p>The smoke-free craft brewery and restaurant is open 7 days a week serving both lunch and dinner. We pour fresh craft beer from our 16 taps inside our pub with 19 additional taps at our Outdoor Bar. The brewpub in full service bar and dining experience with its oak wood -fired smoked dishes and local fare. The Oak Grill serves up fast casual wood fires dishes that are enjoyed under our covered outdoor dining or around the campfire kettle. The Summit (the original Arrington Depot) serves crafted housemade coffees and breakfast fare. The Shanty, our newest addition features fine spirits and cigars in a rustic setting. <a href='https://www.facebook.com/bluegrasscville/'>facebook.com</a> Bluegrass Grill &amp; Bakery, formerly of Charlottesville, is now serving brunch at The Summit on the property of Devils Backbone’s Basecamp in Roseland on weekends! The restaurant’s brunch pop-up is served at The Summit on Saturdays and Sundays from 7 a.m. to noon. No reservations are required and all seating is outdoors. Takeout is also available. The <a href='https://www.dbbrewingcompany.com/location/basecamp-brewpub-meadows'>dbbrewingcompany.com</a> full menu is online. 200 Mosbys Run Roseland, VA 22967 <br><br><strong>Phone:</strong> <a href='tel:4343611001'>434-361-1001</a></p>",,https://ik.imagekit.io/OE/nelson-county/listings/devils-backbone-brewing-image1_fuU0b-q4C,"Rustic building with stone pillars, wooden roof, and red umbrella-covered tables outside.",,,,,,,,https://www.facebook.com/bluegrasscville/,434-361-1001,"200 Mosbys Run, Roseland, VA 22967",,2024-05-17,2024-05-18,,,,,,,,,,,,,,,"Bakery, Bar, Beer, Breakfast, Brunch, Dinner, Lunch, Spirits, Takeout, Coffee",FALSE,https://www.google.com/maps/search/?api=1&query=200%20Mosbys%20Run%2C%20Roseland%2C%20VA%2022967,False,,,37.871186,-78.918657,,,,,,,,,,
El Mariachi Mexican Food,el-mariachi-mexican-food,Restaurants,taste,Lovingston,El Mariachi Mexican Food serves classic Mexican dishes in Lovingston with weekday and weekend hours extending to 10 pm and gift certificates available. El Mariachi keeps Lovingston supplied with sizzl...,"<p>Life without Mexican food is NO life at all! Open Monday thru Thursday 11am – 9pm. Friday 11am – 10pm, Saturday 12pm – 10pm and Sunday 11:30am – 9pm. (Two other locations in Amherst &amp; Crewe, VA) Gift Certificates available! 165 Front Street Lovingston, VA 22949 <br><br><strong>Phone:</strong> <a href='tel:4342635999'>434-263-5999</a></p>",,https://ik.imagekit.io/OE/nelson-county/listings/el-mariachi-mexican-food-image1_lrhnaZQny,"Two musicians in sombreros playing guitar and violin, 'El Mariachi' text beside them.",,,,,,,,https://www.elmariachimexfood.com/,434-263-5999,"165 Front Street Lovingston, VA 22949",,2024-05-17,2025-05-13,,,,,,,,,,,,,,,"Lunch, Dinner",FALSE,https://www.google.com/maps/search/?api=1&query=165+Front+Street+Lovingston%2C+VA+22949,False,,,37.7546452,-78.8741915,,,,,,,,,,
Fire & Frost Wood Fired Bakehouse,fire-frost-wood-fired-bakehouse,Restaurants,taste,Nellysford,"Fire & Frost Wood Fired Bakehouse at Wintergreen slings blistered Neapolitan-style pizzas, antipasti, and cocktails from a cozy alpine dining room, giving skiers and leaf peepers a taste of Italy on the mountain. Fire & Frost Wood Fired Bakehouse brings wood-fired pizzas and Italian-inspired fare to Wintergreen Resort in a warm alpine setting.","<p>Wood. Fired. Pizza. Join us for an unforgettable dining experience at Fire &amp; Frost. Our cozy and welcoming atmosphere, combined with our delicious food and drinks, will transport you to Italy without leaving the mountain. 121 Blue Ridge Dr Roseland, VA 22967 <br><br><strong>Phone:</strong> <a href='tel:4343265639'>434-326-5639</a></p>",,https://ik.imagekit.io/OE/nelson-county/listings/fire-frost-wood-fired-bakehouse-image1_pWDMelTVX,"Mosaic pizza oven with open fire, wood stacked below, tools hanging nearby.",,,,,,,,https://www.fireandfrostva.com/,434-326-5639,"121 Blue Ridge Dr Roseland, VA 22967",,2024-05-17,2024-06-13,,,,,,,,,,,,,,,Pizza,FALSE,https://www.google.com/maps/search/?api=1&query=121+Blue+Ridge+Dr+Roseland%2C+VA+22967,False,,,37.7476405,-78.9758579,,,,,,,,,,
Iron and Ale,iron-and-ale,Restaurants,taste,Nellysford,"Iron & Ale is a chef-driven bistro in Stoney Creek offering rotating menus, patio dining, and curated wine and beer lists for date nights and gatherings. Iron & Ale is a Stoney Creek destination for date nights, pairing chef-driven seasonal menus and veranda dining with curated wines and rotating craft taps so every visit feels like a special occasion.","<p>Iron &amp; Ale is the place where you always feel like part of the family, your home away from home. Treat that special someone to an inspired chef crafted dinner paired with a glass of hand selected wine out on the veranda or under one of the elegant chandeliers. With a rotating menu and multiple beers on tap, Iron and Ale is a wonderful date night destination. <br><br><strong>Address:</strong> 1354 Stoney Creek West, Nellysford, VA 22958<br>

<br><br><strong>Phone:</strong> <a href='tel:5404402140'>540-440-2140</a></p>",,https://ik.imagekit.io/OE/nelson-county/listings/iron-and-ale-image1_Phj7hhJ9W,Illuminated sign reading 'Iron & Ale' on a building porch at night.,,,,,,,,https://www.ironalewintergreen.com/,540-440-2140,,,2024-05-17,2024-08-12,,,,,,,,,,,,,,,"Dinner, Wine, Beer",FALSE,,False,,,,,,,,,,,,,,
McDonald’s,mcdonalds,Restaurants,taste,Lovingston,"Daily (midnight on weekends) with drive-thru staples, Mc Café drinks, and late-night snacks steps from hotels and gas stations.","<p>Open 7 days a week from 6 am – 11 pm (open until midnight on Friday and Saturday nights) Highway 29 in Lovingston. 44 Callohill Drive Lovingston, VA 22949 <br><br><strong>Phone:</strong> <a href='tel:4342638066'>434-263-8066</a></p>",,https://ik.imagekit.io/OE/nelson-county/listings/mcdonald-s-image1_xLvXtaYOs,Illuminated McDonald's sign with golden arches against a dark night sky.,,,,,,,,https://www.mcdonalds.com/us/en-us/location/va/lovingston/44-callohill-dr/23763.html,434-263-8066,"44 Callohill Drive, Lovingston, VA 22949",,2024-05-17,2024-06-12,,,,,,,,,,,,,,,"Breakfast, Takeout",FALSE,https://www.google.com/maps/search/?api=1&query=29+in+Lovingston.+44+Callohill+Drive+Lovingston%2C+VA+22949,False,,,37.7538097,-78.87670059999999,,,,,,,,,,
Montebello Country Store & Cafe,montebello-country-store-cafe,Restaurants,taste,Montebello,"Montebello Country Store & Cafe is a fifth-generation general store near Crabtree Falls with groceries, camping supplies, and a cafe serving chili and country fare.","<p>A family operation for 5 generations – an interesting place to explore – just think – “Country Store.” We offer a unique collection of toys for children, McCutcheon’s jams and jellies, custom t-shirts, sweatshirts, caps and gift items as well as a great selection of camping &amp; fishing supplies with a full line of groceries, ice, and fuel. Try your hand at trout fishing, then come in for a bowl of our chili . Located on Route 56, 3.5 miles east of the Parkway (MP 27). 15072 Crabtree Falls Highway Montebello, VA 24464 <br><br><strong>Phone:</strong> <a href='tel:5403772650'>540-377-2650</a></p>",,https://ik.imagekit.io/OE/nelson-county/listings/montebello-country-store-cafe-image1_D_nYeoKbj,Wooden sign carved with 'Montebello Country Store' text on light wall.,,,,,,,,https://www.montebellova.com/country-store-in-montebello.htm,540-377-2650,5 miles east of the Parkway (MP 27),,2024-05-17,2025-04-28,,,,,,,,,,,,,,,"Cafe, Fishing, Fuel",FALSE,https://www.google.com/maps/search/?api=1&query=5+miles+east+of+the+Parkway+%28MP+27%29,False,,,,,,,,,,,,,,
Paulie's Pig Out,paulies-pig-out,Restaurants,taste,Afton,"Paulie's Pig Out smokes pork and chicken for over-stuffed sandwiches, plus homestyle sides and desserts, making it an easy Nelson 151 detour when you crave barbecue platters and mac 'n' cheese.","<p>Barbecue restaurant featuring pork and chicken, mac n’ cheese, beans, potato salad and cheesy garlic potatoes. Be sure to check out our amazing desserts! 7376 Rockfish Valley Highway Afton, VA 22920 <br><br><strong>Phone:</strong> <a href='tel:4343612001'>434-361-2001</a></p>",,https://ik.imagekit.io/OE/nelson-county/listings/paulie-s-pig-out-image1_8dXrFbPav,"Pulled pork sandwich with coleslaw on a rustic bun, set on paper.",,,,,,,,https://www.mcdonalds.com/us/en-us/location/va/lovingston/44-callohill-dr/23763.html,434-361-2001,"7376 Rockfish Valley Highway Afton, VA 22920",,2024-05-17,2024-06-13,,,,,,,,,,,,,,,Desserts,FALSE,https://www.google.com/maps/search/?api=1&query=7376+Rockfish+Valley+Highway+Afton%2C+VA+22920,False,,,37.9428648,-78.8366496,,,,,,,,,,
Smokin’ Barrel Restaurant,smokin-barrel-restaurant,Restaurants,taste,Arrington,"Smokin' Barrel Restaurant operates inside Blue Mountain Barrel House with pub fare, BBQ plates, burgers, soups, and desserts for taproom guests.","<p>Located at Blue Mountain Barrel House. Appetizers, soups, salads, sandwiches, burgers, BBQ, desserts and a kids menu. 495 Cooperative Way Arrington, VA 22922 <br><br><strong>Phone:</strong> <a href='tel:4342262450'>434-226-2450</a></p>",,https://ik.imagekit.io/OE/nelson-county/listings/smokin-barrel-restaurant-image1_O6_IquE9r,"People relaxing on patio with chairs, umbrellas, sunset, and mountain view.",,,,,,,,https://bluemountainbarrel.com/,434-226-2450,"495 Cooperative Way Arrington, VA 22922",,2024-05-17,2024-06-13,,,,,,,,,,,,,,,"BBQ, Desserts",FALSE,https://www.google.com/maps/search/?api=1&query=495+Cooperative+Way+Arrington%2C+VA+22922,False,,,37.7102504,-78.94375830000001,,,,,,,,,,
The Copper Mine Bistro,the-copper-mine-bistro,Restaurants,taste,Roseland,"The Copper Mine Bistro anchors Wintergreen's Blackrock Village with traditional breakfast, Mediterranean-inspired dinners, and weekend lunches during ski season.","<p>Located in the heart of the mountain’s Blackrock Village, The Copper Mine Bistro serves a traditional breakfast in the morning, and an innovative Mediterranean menu at dinner. During the winter, the Bistro serves lunch on the weekends and holiday periods. Around the clock, the atmosphere is casual and comfortable, providing the perfect setting following a day on the links, the courts, or the slopes. Enjoy our creative menu of tapas, small and large plates and the popular gourmet pizzas. Hours may vary by season, so please check <a href='https://www.wintergreenresort.com/the-wintergreen-weekly/'>wintergreenresort.com</a> This Week at Wintergreen for current hours of operation. For more information and reservations, call <br><br><strong>Phone:</strong> <br><br><strong>Phone:</strong> <a href='tel:4343258090'>434-325-8090</a>. Dinner reservations strongly suggested. 39 Wintergreen Drive Roseland, VA 22967 <br><br><strong>Phone:</strong> <a href='tel:4343258090'>434-325-8090</a></p>",,https://ik.imagekit.io/OE/nelson-county/listings/the-copper-mine-bistro-image1_3GowztWtV,"Cozy restaurant with diners, warm fireplace, and elegantly set tables.",,https://ik.imagekit.io/OE/nelson-county/listings/the-copper-mine-bistro-image2_QsKokoOVE,"People sitting at a rustic bar. Wooden walls, beer taps, and overhead chandelier.",,,,,https://www.wintergreenresort.com/the-wintergreen-weekly/,434-325-8090,"39 Wintergreen Drive, Roseland, VA 22967",,2024-05-17,2024-06-13,,,,,,,,,,,,,,,"Breakfast, Dinner, Lunch",FALSE,https://www.google.com/maps/search/?api=1&query=39+Wintergreen+Drive+Roseland%2C+VA+22967,False,,,37.9042073,-78.96963509999999,,,,,,,,,,
The Edge,the-edge,Restaurants,taste,Wintergreen,"The Edge is Wintergreen's casual slope-side restaurant with mountain views, hearty comfort food, and a lively bar with seasonal live music.","<p>The Edge is casual and family-friendly with a rustic mountain flare. At lunch and dinner, savor a complete menu of tempting appetizers, seasonal salads, flavorful sandwiches and hearty entrees, all served with the best view on the mountain. The energetic bar is the place to be when the sun sets with live music offered seasonally – see schedule below. Hours may vary by season, so please check <a href='https://www.wintergreenresort.com/the-wintergreen-weekly/'>wintergreenresort.com</a> This Week at Wintergreen for current hours of operation. For more information, call <br><br><strong>Phone:</strong> <br><br><strong>Phone:</strong> <a href='tel:4343258080'>434-325-8080</a>. Seating at The Edge is first come, first served. 11 Grassy Ridge Rd Wintergreen, VA 22958 <br><br><strong>Phone:</strong> <a href='tel:4343258080'>434-325-8080</a></p>",,https://ik.imagekit.io/OE/nelson-county/listings/the-edge-image1_3m2oRzZrd,People seated at rustic bar with wooden walls and large chandelier.,,,,,,,,https://www.wintergreenresort.com/the-wintergreen-weekly/,434-325-8080,"11 Grassy Ridge Rd Wintergreen, VA 22958",,2024-05-17,2024-06-13,,,,,,,,,,,,,,,"Bar, Dinner, Family Friendly, Live Music, Lunch",FALSE,https://www.google.com/maps/search/?api=1&query=11+Grassy+Ridge+Rd+Wintergreen%2C+VA+22958,False,,,37.9149843,-78.9422262,,,,,,,,,,
The Farmhouse at Veritas,the-farmhouse-at-veritas,Restaurants,taste,Afton,"The Farmhouse at Veritas is part luxury inn, part wine country dining room, delivering four-course, wine-paired Farmhouse Dinners Wednesday through Sunday plus curated lodging surrounded by Blue Ridge vineyards and breweries. The Farmhouse at Veritas hosts four-course, wine-paired farm-to-table dinners Wednesday through Sunday in an intimate setting on the Veritas vineyard estate.","<p>Surrounded by the Blue Ridge Mountains and located in the heart of Virginia wine country which was named as one of the Top 10 Best Wine Travel Destinations in 2012 by Wine Enthusiast Magazine. 7 wineries, 3 breweries, a cidery and a distillery are all located within a 10-mile radius. The Farmhouse at Veritas combines excellence in service, lodging, fine dining, wine and ambiance. BedandBreakfast.com has named The Farmhouse at Veritas on of the Top Ten B &amp;B’s in the country. Farmhouse Dinners are offered Wednesday through Sunday nights at 6:30 pm. They are four-course, wine paired meals which feature home grown and house made Farm-to-Fork menus prepared weekly by Chef Daniel. Enjoy dining al fresco in the summer or cozy by the fire in the winter. Guests will be greeted with a glass of Veritas Sparkling Wine and seated before 7 pm. <em>Advance Reservations required. Please allow 24 hours for booking.</em> 72 Saddleback Farm Afton, VA 22920 <br><br><strong>Phone:</strong> <a href='tel:5404568100'>540-456-8100</a></p>",,https://ik.imagekit.io/OE/nelson-county/listings/the-farmhouse-at-veritas-image1_LBC9TWPstE,"Table with wine glasses, flowers, on outdoor patio with garden view.",,,,,,,,https://www.veritasfarmhouse.com/,540-456-8100,"72 Saddleback Farm, Afton, VA 22920",,2024-05-17,2024-05-17,,,,,,,,,,,,,,,"Farm, Lodging, Wine, Cider",FALSE,https://www.google.com/maps/search/?api=1&query=72%20Saddleback%20Farm%2C%20Afton%2C%20VA%2022920,False,,,38.0158884,-78.84153309999999,,,,,,,,,,
Vito’s Pizza & Italian Grill,vitos-pizza-italian-grill,Restaurants,taste,Lovingston,"Vito's Pizza & Italian Grill is a family-owned Italian restaurant in Lovingston serving pizzas, pasta, and grill favorites rooted in chef Salvatore Mannino's Sicilian heritage. Vito's Pizza & Italian Grill is a longtime Lovingston staple for New York pies, subs, pasta, and Italian-American comfort, rooted in founder Vito's Sicilian training and decades of family hospitality. Lovingston is a great destination for history buffs as the Lovingston Historic District and the courthouse are both listed on the National Register of Historic Places.","<p>It all began in Carini, Italy. I was just thirteen years old, working at my brother-in-laws restaurant as a dishwasher and prep cook. After a couple of years, I started to help the chefs who are professionals that trained in Venice. In 1981, when I was sixteen years old, I had moved to America. I was living in Virginia and was working in a pizzeria-dish washing, of course, and again, I had worked my way up. I then moved to Massachusetts and had worked at my brothers restaurant as a cook. I was just 20 years old when I opened my first restaurant in Massachusetts After twelve years, in 1999, I moved back to Virgina, where I opened Vito’s in Lovingston. It has become a very successful business, thanks to the people in this country and all around. And of course… my wife, employees, and clientele who helped make this all possible! Buon Appetito! <em>Salvatore Mannino</em> 8181 Thomas Nelson Hwy Lovington, VA 22949 <br><br><strong>Phone:</strong> <a href='tel:4342638688'>434-263-8688</a></p>",,https://ik.imagekit.io/OE/nelson-county/listings/vito-s-pizza-italian-grill-image1_qEDLQecPU,Three pizzas with various toppings surrounded by condiments and peppers on a table.,,,,,,,,https://www.vitospizzagrill.com/,434-263-8688,"8181 Thomas Nelson Hwy Lovington, VA 22949",,2024-05-17,2024-06-13,,,,,,,,,,,,,,,Pizza,FALSE,https://www.google.com/maps/search/?api=1&query=8181+Thomas+Nelson+Hwy+Lovington%2C+VA+22949,False,,,37.7473629,-78.8829366,,,,,,,,,,
Black Bear Creamery,black-bear-creamery,Restaurants,taste,Nellysford,"Black Bear Creamery scoops homemade ice cream, shakes, and sundaes for locals and visitors in Nellysford.","<p>Local ice cream shop specializing in homemade ice cream, milkshakes and sundaes. 18 Pheasant Run Nellysford, VA 22958 <br><br><strong>Phone:</strong> <a href='tel:4342638916'>434-263-8916</a></p>",,https://ik.imagekit.io/OE/nelson-county/listings/black-bear-creamery-image1_NoSYfCv22,"Café with string lights, colorful umbrellas, and outdoor seating at dusk.",,,,,,,,https://www.facebook.com/Black-Bear-Creamery-112769827194686/,434-263-8916,"18 Pheasant Run, Nellysford, VA 22958",,2024-05-17,2024-06-12,,,,,,,,,,,,,,,Desserts,FALSE,https://www.google.com/maps/search/?api=1&query=18%20Pheasant%20Run%2C%20Nellysford%2C%20VA%2022958,False,,,37.8875777,-78.88141019999999,,,,,,,,,,
Dickie Brothers Orchard,dickie-brothers-orchard,Farms & Orchards,experience,Roseland,"Dickie Brothers Orchard—one of Virginia's Century Farms—offers pick-your-own berries and apples, fresh-pressed cider, pumpkins, and farm goods, with varieties ripening from June raspberries through November harvest weekends. Century Farm orchard growing heirloom apples alongside berries, pumpkins, cider, and farm-made goods with pick-your-own seasons from summer through fall.","<p>One of Virginia’s Century Farms. Apple varieties include: Gala, Paula Red, McIntosh, Red and Golden Delicious, Empire, Winesap, Stayman, Rome, Granny Smith and Fuji. Other products include cider, sweet potatoes, plums, apple butter and pumpkins. Pick-your-own includes: Raspberries in June, Blackberries in mid-July, Honeycrisp Apples in late August, and PYO Apples (various varieties) 7 days a week (weather permitting) from 2nd week in September through the 2nd week of November. Picking containers and bags provided. 2685 Dickie Road Roseland, VA 22967 <br><br><strong>Phone:</strong> <a href='tel:4342775516'>434-277-5516</a></p>",,https://ik.imagekit.io/OE/nelson-county/listings/dickie-brothers-orchard-image1_mgGfsUOkW,"Child in dress standing by Dickie Bros Orchard sign, rustic background.",,https://ik.imagekit.io/OE/nelson-county/listings/dickie-brothers-orchard-image2_CzMZz9sVs,Pumpkins and colorful flowers displayed outside rustic wooden building with American flag.,,,,,https://www.dickiebrothers.com/,434-277-5516,"2685 Dickie Road Roseland, VA 22967",,2024-05-17,2025-10-13,,,,,,,,,,,,,,,Cider,FALSE,https://www.google.com/maps/search/?api=1&query=2685+Dickie+Road+Roseland%2C+VA+22967,False,,,37.7734564,-79.0447374,,,,,,,,,,
Drumheller’s Orchard,drumhellers-orchard,Farms & Orchards,experience,Lovingston,"Family orchard and bakery showcasing classic Virginia apple varieties, house cider, and fall festivals with hayrides, baked goods, and pet-friendly grounds.","<p>The apple packing shed showcases Red and Golden Delicious, Stayman, Winesap, Rome, York and Granny Smith, Black Twig and Albemarle Pippin varieties. Find pumpkins, cider, apple butter and honey too. Special events and festivals in the fall. Baked goods and many other farm products like honey, apple butter and ham round out the selection. Bus tours and school groups welcome – advance notice is appreciated. Pet-friendly. 1130 Drumheller Orchard Lane Lovingston, VA 22949 <br><br><strong>Phone:</strong> <a href='tel:4342635036'>434-263-5036</a></p>",,https://ik.imagekit.io/OE/nelson-county/listings/drumheller-s-orchard-image1_lGFwTv4Vd,Pink and white blossoms on a branch against a clear blue sky.,,,,,,,,https://www.drumhellersorchard.com/,434-263-5036,"1130 Drumheller Orchard Lane Lovingston, VA 22949",,2024-05-18,2024-06-13,,,,,,,,,,,,,,,"Baked Goods, Cider, Events, Farm, Pet Friendly, Tours",FALSE,https://www.google.com/maps/search/?api=1&query=1130+Drumheller+Orchard+Lane+Lovingston%2C+VA+22949,False,,,37.74187,-78.9032915,,,,,,,,,,
Saunders Brothers Farm Market,saunders-brothers-farm-market,Farms & Orchards,experience,Piney River,"Saunders Brothers' farm market pairs homegrown peaches, apples, and nursery stock with a country shop featuring meats, baked goods, peach ice cream, and weekend events.","<p>Saunders Brothers Farm Market is a family owned business that takes pride in offering our customer service with a smile! We grow quality peaches, apples, Asian pears, vegetables, flowering shrubs, annuals and perennials. You can find these products and much more at our retail Farm Market, located just five miles from our orchard in Piney River. Stop by and stock up on beef and pork, baked goods, salsa, cider, or jam and in season hand-made wreaths. Try our mouth-watering peach ice cream from Homestead Creamery and visit our onsite farm antique museum! We offer something for everyone including Kids on the Farm in the Summer, live music and an event every Saturday. We work hard to make our Farm Market a quality stop for our customers! We’re open May to December, Monday through Saturday, from 9-6 until Daylight Savings and 9-5 afterwards. See our website, Instagram or Facebook for more details. We look forward to you visiting our Farm Market. 2717 Tye Brook Highway Piney River, VA 22964 <br><br><strong>Phone:</strong> <a href='tel:4342775455'>434-277-5455</a></p>",,https://ik.imagekit.io/OE/nelson-county/listings/saunders-brothers-farm-market-image1_f1AEM7MxN,American flag waves outside rustic store with produce sign and wooden facade.,,,,,,,,https://www.saundersbrothersfarmmarket.com/,434-277-5455,"2717 Tye Brook Highway Piney River, VA 22964",,2024-05-18,2024-11-20,,,,,,,,,,,,,,,"Baked Goods, Cider, Farm, Live Music, Market, Museum, Retail, Events",FALSE,https://www.google.com/maps/search/?api=1&query=2717+Tye+Brook+Highway+Piney+River%2C+VA+22964,False,,,37.7166809,-78.9686165,,,,,,,,,,
Blue Mountain Barrel House,blue-mountain-barrel-house,Breweries & Cideries,taste,Arrington,"Production-focused Blue Mountain facility with one of the East Coast's largest barrel-aging programs, a year-round tasting room, and sweeping Nelson County views.",,,https://ik.imagekit.io/OE/nelson-county/listings/blue-mountain-barrel-house-image1_aohVkuJqX,"Assorted beer flights on wooden table, two people in background enjoying.",,,,,,,,https://bluemountainbrewery.com/,434-263-4002,"495 Cooperative Way Arrington, VA 22922",,2024-05-19,2024-06-13,,,,,,,Our Story & Barrel-Aged Beers,"<p>By 2011, Blue Mountain beer was in demand across Virginia at a rate that exceeded our capacity at the original Blue Mountain location in Afton. The next evolution for us became Blue Mountain Barrel House, a larger production-minded facility with almost tenfold capacity of our brewery in Afton.</p>

<p>But just building a bigger brewery seemed a bit boring. So we did things our way: first, we picked a 15-acre spot in the south of Nelson County that has the stunning mountain views to match our Afton location. As the most mountainous county in America east of the Mississippi, the stark line of the Blue Ridge is woven into the fabric of our inspiration.</p>

<p>We designed a facility that had special capabilities to produce the barrel-aged beers we hang our hat on, beers like Dark Hollow. With a unique brewhouse and a fluctuating temperature-controlled barrel aging room, Blue Mountain Barrel House operates one of the largest barrel-aging facilities on the east coast.</p>",Tasting Room & Location,"<p>Visit us seven days a week in the Barrel House tasting room with inside seating, ever-rotating draft beers and a cornucopia of bottled offerings, plus spacious outdoor seating with a fire pit and lawn games.</p>

<p>We also serve signature Blue Mountain food from our food truck from April through November.</p>

<p>Join us on the quiet end of Nelson County between Charlottesville and Lynchburg and relax in the very special setting of Blue Mountain Barrel House.</p>

<p>495 Cooperative Way<br>
Arrington, VA 22922</p>

<p><a href=""tel:434-263-4002"">434-263-4002</a></p>",,,,,"Beer, Outdoor Seating, Fire Pit, Wine",TRUE,https://www.google.com/maps/search/?api=1&query=495+Cooperative+Way+Arrington%2C+VA+22922,False,,,37.7102504,-78.94375830000001,,,,,,,,,,
Blue Toad Hard Cider,blue-toad-hard-cider,Breweries & Cideries,taste,Roseland,Farm-based cidery crafting approachable Blue Ridge blends with a taproom at the base of Wintergreen and patio views of the orchard.,"<p>Born in a barn, Blue Toad Cider honors the tradition and legacy of America’s first preferred beverage by brewing an all-natural and eminently drinkable hard cider using locally grown apples in Western New York and apples grown in the Blue Ridge Mountains of Virginia. Rather than solely using European-style tart and bitter apples, Blue Toad Hard Cider uses a cider blend of three to four different apple varieties (replete with natural seasonal variation) grown in areas near Rochester, New York and Tyro, Virginia. Our production takes place at our cideries located in the Genesee Regional Market in Rochester, New York and at the base of Wintergreen Resort in Roseland, Virginia. We believe our cider is different – more authentic, more drinkable, more responsibly produced, more of an experience – than the more mass-produced ciders that may use imported concentrates. We hope you’ll treat yourself to a bottle, can or glass of our hard cider soon to savor that difference. We think you’ll be back for another. 462 Winery Lane Roseland, VA 22967 <br><br><strong>Phone:</strong> <a href='tel:4347609200'>434-760-9200</a></p>",,https://ik.imagekit.io/OE/nelson-county/listings/blue-toad-hard-cider-image1_sCenJqzoN7,Blue fish mural painted on gray wooden planks.,,,,,,,,https://bluetoadhardcider.com/,434-760-9200,"462 Winery Lane Roseland, VA 22967",,2024-05-19,2024-05-19,,,,,,,,,,,,,,,"Cider, Market, Resort, Wine",FALSE,https://www.google.com/maps/search/?api=1&query=462+Winery+Lane+Roseland%2C+VA+22967,False,,,37.8769721,-78.9252492,,,,,,,,,,
Bold Rock Hard Cider,bold-rock-hard-cider,Breweries & Cideries,taste,Nellysford,"Nellysford's riverside cidery offering tours, tastings, and cider cocktails from Bold Rock's orchard-to-glass production campus.",,,https://ik.imagekit.io/OE/nelson-county/listings/bold-rock-hard-cider-image1__h55RjVBl,"Wooden building with outdoor seating, blue umbrellas, people, and trees under blue sky.",,,,,,,,https://boldrock.com,434-361-1030,1020 Rockfish Valley Highway Nellysford VA 22958,,2024-05-19,2024-06-13,,,,,,,"Tastings, Tours & Experience","<p>Our cidery in the heart of the Blue Ridge Mountains is open daily for tours, tastings and hard cider to go. You are welcome to picnic with our ciders on the deck or down by the river.</p>

<p>Our tastings are for anyone 21 or over. We have sparkling sweet cider for others. Tastings feature 6 ciders on draft: 2 draft ciders are free of charge, with a small additional charge for a tasting flight of the other 4 draft ciders.</p>

<p>At our service bar you can get Bold Rock by the glass or longneck bottle and order food from our menu of light appetizers. You are also welcome to bring a picnic to enjoy inside or out on our decks and terraces.</p>

<p>From cider history to modern production, you'll see how tradition and technology come together in Bold Rock's working cidery. See where we crush apples, ferment and bottle our hard ciders.</p>

<p>We enjoy showing folks around our cidery and love talking about cider. There's a good chance you'll run into one of our friendly founders, John or Brian, so feel free to say hello.</p>

<p>You're also welcome to take a self-guided tour of our production facility and watch the bottling process or visit our Cider Museum for a tour of cider facts and artifacts.</p>","Shop, To Go & Location","<p>In our shop you'll find logo glassware and other Bold Rock wearable goods. Also available are six-packs, cases, and growlers of hard cider To Go. (They are for consumption off-site only.)</p>

<p>1020 Rockfish Valley Highway<br>
Nellysford VA 22958</p>

<p><a href=""tel:434-361-1030"">434-361-1030</a></p>

<p>Pet-friendly.</p>",,,,,"Bar, Cider, Museum, Pet Friendly, Tastings, Tours, Wine",FALSE,https://www.google.com/maps/search/?api=1&query=1020+Rockfish+Valley+Highway+Nellysford+VA+22958,False,,,37.8825224,-78.90345599999999,,,,,,,,,,
Brewing Tree Beer Company,brewing-tree-beer-company,Breweries & Cideries,taste,Afton,"Husband-and-wife brewery with a scratch kitchen, creekside beer garden, and rotating small-batch Virginia ales.","<p>Brewing Tree Beer Company was founded in 2018 by the husband and wife team of Mark and Gina Thompson. They strive to provide a space that is authentic, local, and relaxed. Mark Thompson grew up locally and graduated with a Bachelor of Science in biology from James Madison University. He started breweries in Portland and Denver before coming home to found Starr Hill Brewery in 1999. Mark is considered to be one of the founders of craft beer in Virginia and brings his passions to the beers at Brewing Tree. Gina Thompson grew up in Virginia Beach and is a graduate from Johnson &amp; Wales University with a culinary arts degree. Her accomplishments include being a Sommelier certified by The Court of Master Sommeliers, personal chef, caterer, and restaurant chef. She brings her talents and passion for food to Scratch Kitchen where everything is made from scratch. 9278 Rockfish Valley Highway Afton, VA 22920 <br><br><strong>Phone:</strong> <a href='tel:5403810990'>540-381-0990</a></p>",,https://ik.imagekit.io/OE/nelson-county/listings/brewing-tree-beer-company-image1_e43JZexL6,People at outdoor brewery with food truck and green umbrellas.,,,,,,,,https://brewingtreebeer.com/,540-381-0990,"9278 Rockfish Valley Highway Afton, VA 22920",,2024-05-20,2024-06-12,,,,,,,,,,,,,,,Beer,FALSE,https://www.google.com/maps/search/?api=1&query=9278+Rockfish+Valley+Highway+Afton%2C+VA+22920,False,,,37.9676924,-78.8338826,,,,,,,,,,
Bryant’s Cider & Brewery,bryants-cider-brewery,Breweries & Cideries,taste,Roseland,"Bryant's pours heritage apple ciders and farm-brewed beers with a focus on natural ingredients, outdoor lawn games, and seasonal gatherings.","<p>Our mission is to produce authentic ciders and craft beers using traditional methods while creating an organic and always evolving consumer experience. Natural: Natural ingredients with no artificial additives Authentic: Traditional production methods and original flavors Independent: Focus on quality, not profits Lifestyle: Driven by diverse and active lifestyles. Sustainable: Dedicated to sustainable agriculture 3224 East Branch Loop Roseland, VA 22967 <br><br><strong>Phone:</strong> <a href='tel:8044209683'>804-420-9683</a></p>",,https://ik.imagekit.io/OE/nelson-county/listings/bryant-s-cider-brewery-image1_Pl3ykVMup,"White barn, large tree, picnic tables, string lights, people sitting outside.",,,,,,,,https://bryantscider.com,804-420-9683,"3224 East Branch Loop, Roseland, VA 22967",,2024-05-20,2024-05-20,,,,,,,,,,,,,,,"Cider, Organic",FALSE,https://www.google.com/maps/search/?api=1&query=3224%20East%20Branch%20Loop%2C%20Roseland%2C%20VA%2022967,False,,,37.7968831,-78.9497361,,,,,,,,,,
Devils Backbone Brewing Company,devils-backbone-brewing-company,Breweries & Cideries,taste,Roseland,"Mountain basecamp brewery pouring award-winning lagers, cocktails, and distillery releases with expansive meadows and adventure-forward programming.",,,https://ik.imagekit.io/OE/nelson-county/listings/devils-backbone-brewing-company-image1_xOCX-_l34,"Aerial view of colorful autumn landscape with mountains, road, and buildings.",,,,,,,,https://www.dbbrewingcompany.com/,434-361-1001,"200 Crandall Run, Roseland, VA 22967",,2024-05-20,2024-05-20,,,,,,,Our Story & Mission,"<p>Years ago, our founders, Steve and Heidi Crandall, were on a ski trip in the Alps when they tried their first craft beer, a German Weisse at a brewpub. To satisfy their thirst for a local haunt that served craft European-style beers, they started a whole brewery complete with a full-on brewpub for locals and visitors. It became a place where folks could drink and tell stories about their time on the trail or ski slope, or all of the above.</p>

<p>They named it Devils Backbone, the same name some brave surveyors, including Thomas Jefferson's dad, Peter, called this hard-to-summit mountain region almost 300 years ago. Kinda poetic, right?</p>

<p>Quite simply, we exist for one thing: To bring the people together in the great outdoors. After the pandemic forcibly slowed us down, we are ready to go explore the places we've missed with the friends and family we've longed for. Wherever you find yourself enjoying time with your favorite people, whether it's at one of our locations nestled in the beautiful Blue Ridge Mountains or on your own back porch pulling cans from a cooler, we hope you also bring along your favorite Devils Backbone beer or cocktail and Drink Outdoors Together.</p>",Our Beers & Location,"<p>In 2016 Devils Backbone Brewing Company was acquired by Anheuser-Busch. Since then, we've continued to brew award-winning beers that we're proud of, as well as share our beers with more beer friends than ever before!</p>

<p>200 Crandall Run<br>
Roseland, VA 22967</p>

<p><a href=""tel:434-361-1001"">434-361-1001</a></p>",,,,,Beer,TRUE,https://www.google.com/maps/search/?api=1&query=200%20Crandall%20Run%2C%20Roseland%2C%20VA%2022967,False,,,37.8708663,-78.9188381,,,,,,,,,,
Outback Brew House,outback-brew-house,Breweries & Cideries,taste,Lovingston,"Nano-brewery taproom in Lovingston pouring house recipes with plans for expanded outdoor seating, live music, and an onsite food truck. Outback Brew House in Lovingston pours house beers straight from...","<p>Join us for a relaxing hand crafted beer at our very own brand new and developing Outback Brew House! Here we serve original recipe beer ice-cold straight from the tap. Stop by regularly to check out our newest developments and grow with the Outback family. Upcoming additions include new beer flavors and projects like an outdoor deck with more seating, music stage, and Outback Brew House’s very own food truck. With everything in store coming soon you’ll be sure to visit often! 7995 Thomas Nelson Hwy Lovingston, VA 22949 <br><br><strong>Phone:</strong> <a href='tel:4342630007'>434-263-0007</a></p>",,https://ik.imagekit.io/OE/nelson-county/listings/outback-brew-house-image1_3mAJkqmbA,"Beer glass with logo outdoors, blue sky, string lights in background.",,,,,,,,https://www.facebook.com/Outbackbrew,434-263-0007,"7995 Thomas Nelson Hwy Lovingston, VA 22949",,2024-05-20,2024-06-13,,,,,,,,,,,,,,,"Beer, Live Music",FALSE,https://www.google.com/maps/search/?api=1&query=7995+Thomas+Nelson+Hwy+Lovingston%2C+VA+22949,False,,,37.7452542,-78.8855238,,,,,,,,,,
"Three Notch’d Brewery, Distillery & Craft Kitchen",three-notchd-brewery-distillery-craft-kitchen-nelson-county,Breweries & Cideries,taste,Nellysford,"Three Notch'd Brewery, Distillery & Craft Kitchen on Route 151 unites beer, spirits, and a from-scratch kitchen featuring beer-infused plates, kids items, and gluten-free options, with leashed dogs welcome on the patio.","<p>Located off the historic highway 151, our Nelson County location houses our Brewery, Distillery and Craft Kitchen. More than a typical brewpub, we specialize in creating locally-sourced, beer-infused dishes designed to compliment the season as well as what’s on tap. Our full bar and craft cocktail menu pair perfectly with fare ranging from southern classics to modern favorites. You’ll find something for everyone at Three Notch’d with our robust offerings, including a kid’s menu, gluten-free and vegetarian options. *Well-behaved, leashed animals are welcome outside. 2461 Rockfish Valley Hwy Nellysford, VA 22958 <br><br><strong>Phone:</strong> <a href='tel:4342260020'>434-226-0020</a></p>",,https://ik.imagekit.io/OE/nelson-county/listings/three-notch-d-brewery-distillery-craft-kitchen-image1_0-OUbAArR3,Assorted colorful beer cans displayed outdoors near a wooden building.,,,,,,,,https://threenotchdbrewing.com/pages/151,434-226-0020,"2461 Rockfish Valley Hwy Nellysford, VA 22958",,2024-05-20,2024-05-20,,,,,,,,,,,,,,,"Bar, Beer",FALSE,https://www.google.com/maps/search/?api=1&query=2461+Rockfish+Valley+Hwy+Nellysford%2C+VA+22958,False,,,37.888408,-78.8801264,,,,,,,,,,
Wild Man Dan Brewery,wild-man-dan-brewery,Breweries & Cideries,taste,Afton,"Barn brewery pouring award-winning micro batches and offering homebrew workshops with Dan and his mountain porch hospitality. Wild Man Dan Brewery is Virginia's tiniest production brewery, where Dan brews award-winning small batches in his barn and happily teaches visitors the art of ale making while they sample Chai-Laxin or Dark Matter IPA.","<p>Dan brews award winning home crafted ales and enjoys teaching you to do the same. “I brew in my barn every week, and if you want to learn…come join me.” Dan has spent years perfecting his award winning brews…Chai-Laxin and Dark Matter IPA and he is always eager to share his brew techniques with you. He has retired from his day job and WildManDan Brewery is officially the smallest production brewery in Virginia. Really. Great. Small Batch. Beer. 279 Avon Road Afton, VA 22920 <br><br><strong>Phone:</strong> <a href='tel:5407981781'>540-798-1781</a></p>",,https://ik.imagekit.io/OE/nelson-county/listings/wild-man-dan-brewery-image1_k5KRI9nIU,"Brick house with white porch, surrounded by trees and blooming flowers.",,,,,,,,https://www.wmdb3.com/,540-798-1781,"279 Avon Road Afton, VA 22920",,2024-05-20,2024-06-12,,,,,,,,,,,,,,,Beer,FALSE,https://www.google.com/maps/search/?api=1&query=279+Avon+Road+Afton%2C+VA+22920,False,,,37.9861334,-78.8375753,,,,,,,,,,
Wood Ridge Farm Brewery,wood-ridge-farm-brewery,Breweries & Cideries,taste,Lovingston,Estate farm brewery malting its own grains for 'dirt-to-glass' beers served with panoramic views of the Lovingston countryside. Wood Ridge Farm Brewery lives its 'dirt to glass' motto by growing grain...,"<p>From Dirt To The Glass Brewery Here at Wood Ridge Farm Brewery in Lovingston, VA, the beer is crafted with the wholesome philosophy of being more than just a farm Brewery. The farm supplies the majority of ingredients, starting with the spring water and grains that are grown in the fields that surround the brewery. We stay true to the farm, true to being legitimately local, and true to bringing out the sense of place by crafting unique flavors and classic styles with our custom malt house and roasting operations. We recommend that you make yourself at home, soak it all in, and enjoy your uniquely nourishing experience ” From Dirt To Glass”. We hope you relish in the fruits of our labor as much as we enjoyed crafting it. Cheers! <div class='fusion-text fusion-text-2'> 165 Old Ridge Rd Lovingston, VA 22949 <br><br><strong>Phone:</strong> <a href='tel:4345317362'>434-531-7362</a> </div> <div class='fusion-text fusion-text-3'> </div></p>",,https://ik.imagekit.io/OE/nelson-county/listings/wood-ridge-farm-brewery-image1_Bi7zpuZf1,"Wooden 'LOVE' sign with sunset backdrop, couple walking towards a garden.",,,,,,,,https://woodridgefarmbreweryva.com/,434-531-7362,"165 Old Ridge Rd Lovingston, VA 22949",,2024-05-19,2024-06-13,,,,,,,,,,,,,,,"Beer, Farm",FALSE,https://www.google.com/maps/search/?api=1&query=165+Old+Ridge+Rd+Lovingston%2C+VA+22949,False,,,37.8401119,-78.82370019999999,,,,,,,,,,
Devils Backbone Distilling Co.,devils-backbone-distilling-co,Distilleries,taste,Roseland,"On-site craft distillery at Devils Backbone Basecamp serving small-batch gin, rum, and brandy cocktails in a lounge and covered patio setting. Devils Backbone Distilling Co.","<p>Devils Backbone Distilling Co. is the newest addition the Basecamp Brewpub &amp; Meadows in Nelson County, VA. Distilling rum, fine brandy, and gin, Matt Casto, Manager of Distilling Operations is extending Devils Backbone experimentation and innovation. The new distillery features a Distillery Lounge serving Devils Backbone beers and crafted cocktails made with our signature spirits produced on site. There is also a covered patio to cozy up and enjoy your crafted cocktail. 35 Mosbys Run<br>

Roseland, VA 22967<br>

<br><br><strong>Phone:</strong> <a href='tel:4343611001'>434-361-1001</a></p>",,https://ik.imagekit.io/OE/nelson-county/listings/devils-backbone-distilling-co--image1_kkqc1tAn6,"People relax outdoors on wooden chairs under sunny skies, surrounded by trees.",,,,,,,,https://www.dbbrewingcompany.com/,434-361-1001,,,2024-05-20,2024-05-20,,,,,,,,,,,,,,,"Cocktails, Spirits, Beer",FALSE,,False,,,,,,,,,,,,,,
Silverback Distillery,silverback-distillery,Distilleries,taste,Afton,"Silverback Distillery is a mother-daughter team crafting award-winning spirits with local grains and mountain water, pouring cocktail flights and barrel-smoked drinks in Afton. Silverback Distillery—the nation's only mother-daughter distilling duo—crafts award-winning gin, rye, bourbon, and honey liqueur in the Blue Ridge, offering tasting flights, smoked cocktails, and bottle sales in its Roseland stillhouse.","<p>Silverback Distillery is the only mother-daughter distilling duo in the nation crafting high-quality, award-winning spirits. From the refreshing, citrus-forward Strange Monkey Gin to real honey-liqueur infused Blackback Rye Whiskey to the “ultimate butterscotch bomb” Blackback Bourbon, Silverback Distillery strives to produce distinct, flavorful spirits from a unique mix of local grains, mountain water and good ol’ American craft(woman)ship. With production facilities and tasting rooms in both the Pocono region of Pennsylvania and in the Blue Ridge Mountains of Virginia, Silverback offers a unique visitor experience. From mini cocktail flights, barrel smoked cocktails, or whiskey served neat, however you fancy your tasting, our distillery offers a chest-thumping good time. Silverback is the nick-name given to Christine’s husband, Denver, by their three wonderful, wise-ass daughters. His early graying hair, overprotective demeanor and generally grumpy attitude (although sprinkled with unbridled exuberance) contributed to the name. 9520 Rockfish Valley Highway Afton, VA 22920 <br><br><strong>Phone:</strong> <a href='tel:5404567070'>540-456-7070</a></p>",,https://ik.imagekit.io/OE/nelson-county/listings/silverback-distillery-image1_RBNd85uTW,"Blue building with lit windows, dusk sky, parking lot, and surrounding trees.",,,,,,,,https://www.sbdistillery.com/,540-456-7070,"9520 Rockfish Valley Highway Afton, VA 22920",,2024-05-20,2024-06-12,,,,,,,,,,,,,,,"Cocktails, Spirits, Wine",FALSE,https://www.google.com/maps/search/?api=1&query=9520+Rockfish+Valley+Highway+Afton%2C+VA+22920,False,,,37.9737551,-78.83196380000001,,,,,,,,,,
Virginia Distillery Co.,virginia-distillery-co,Distilleries,taste,Lovingston,Virginia Distillery Co. The original 30 acres was donated by Mr.,"<p>Our American single malt whisky is crafted in the heart of Virginia’s Blue Ridge Mountains, showcasing both New and Old World whisky-making. The Virginia Whisky Experience tour offers an in-depth look at whisky making and features our whisky museum, production facility, and cask house. 299 Eades Lane Lovingston, VA 22949 <br><br><strong>Phone:</strong> <a href='tel:4342852900'>434-285-2900</a></p>",,https://ik.imagekit.io/OE/nelson-county/listings/virginia-distillery-co--image1_eCbxehNaH,"Stone gate entrance to a large white house, surrounded by trees and hills.",,,,,,,,https://vadistillery.com/,434-285-2900,"299 Eades Lane Lovingston, VA 22949",,2024-05-20,2024-06-13,,,,,,,,,,,,,,,"Museum, Tours",FALSE,https://www.google.com/maps/search/?api=1&query=299+Eades+Lane+Lovingston%2C+VA+22949,False,,,37.7823765,-78.86295799999999,,,,,,,,,,
Allen Creek Nature Preserve,allen-creek-nature-preserve,Hikes & Trails,outdoor,Wintergreen,"Allen Creek Nature Preserve is a 0.7-mile, family-friendly Wintergreen loop through a rare high-elevation wetland, complete with interpretive guides describing the braided streams and northern plant species that thrive there.","<p><div class='fusion-text fusion-text-1 fusion-text-no-margin'> <strong>Miles:</strong> 0.7 <strong>Blaze Color:</strong> Yellow <strong>Difficulty Level:</strong> EASY <strong>Directions:</strong> <a href='https://www.google.com/maps/place/Allen+Creek+Nature+Preserve/@37.8994654,-78.8655118,216m/data=!3m1!1e3!4m6!3m5!1s0x89b36fa68418850f:0xedd52f8e54379b98!8m2!3d37.8994682!4d-78.8651706!16s%2Fg%2F11vbyb8c8y?entry=ttu'>Google Maps</a> Google Maps </div> This nature preserve in the middle of Wintergreen’s community is one of the most unique environments on the mountain. The high elevation wetland with braided streams features northern plant species. It is a favorite with families and can be accompanied by a Nature Preserve Guide found at the trail entrance or at Trillium House.</p>",,https://ik.imagekit.io/OE/nelson-county/listings/allen-creek-nature-preserve-image1_hUFD6CEWI,Purple violets amidst green leaves and grass on forest floor.,,,,,,,,,,,,2024-05-22,2024-07-29,"https://www.google.com/maps/place/Allen+Creek+Nature+Preserve/@37.8994654,-78.8655118,216m/data=!3m1!1e3!4m6!3m5!1s0x89b36fa68418850f:0xedd52f8e54379b98!8m2!3d37.8994682!4d-78.8651706!16s%2Fg%2F11vbyb8c8y?entry=ttu",https://www.youtube.com/watch?v=VtiRHsUcEuE,https://www.google.com/maps/d/viewer?mid=1OgGZeph6Q78QSF1sr9C2HSv6AVH6Xuvo&ll=37.920842%2C-78.94760400000001&z=13,Interactive Trail Map,,,,,,,,,,,"Hiking, Family Friendly",FALSE,"https://www.google.com/maps/place/Allen+Creek+Nature+Preserve/@37.8994654,-78.8655118,216m/data=!3m1!1e3!4m6!3m5!1s0x89b36fa68418850f:0xedd52f8e54379b98!8m2!3d37.8994682!4d-78.8651706!16s%2Fg%2F11vbyb8c8y?entry=ttu",False,https://www.youtube.com/watch?v=VtiRHsUcEuE,,,,,,,,,,,,,
Appalachian Trail from Rt 56 to Harpers Creek,appalachian-trail-from-rt-56-to-harpers-creek,Hikes & Trails,outdoor,Tyro,"2.6-mile Appalachian Trail segment from VA Route 56 over the Tye River swinging bridge to Harpers Creek Shelter with laurel, rhododendron, and creekside campsites.","<p><div class='fusion-text fusion-text-1 fusion-text-no-margin'> <strong>Miles:</strong> 2.6 <strong>Difficulty Level:</strong> Moderate </div> A 2.6-mile moderate hike along the Appalachian Trail traverses a wooden Swinging Bridge over the Tye River, and travels through stands of mountain laurel and rhododendron to the Harpers Creek Shelter (AT) and Harper’s Creek, where the water gurgles through the large cascading rocks. Multiple campsites are on each side of the creek, and there’s a vault toilet up the hill from the shelter. <br><br><strong>Directions:</strong> From State Route 56 at Crabtree Falls: Take SR 56 east for approximately 3-4 miles. The Appalachian Trail crosses SR 56 and a AT parking lot is available to the right (South side) of SR 56. Head across the street from the parking lot (North) on the AT across the Swinging Bridge, and continue up the trail towards Harper’s Creek Shelter.<strong> </strong></p>",,https://ik.imagekit.io/OE/nelson-county/listings/appalachian-trail-from-rt-56-to-harpers-creek-image1_zH8UGdn8C,Wooden suspension bridge through colorful autumn forest with rocky foreground.,,,,,,,,,,,,2024-05-22,2024-06-22,,,https://ik.imagekit.io/OE/nelson-county/Documents/Nelson-County-Hiking-Trails-Harpers-Creek-Final.pdf,Harpers Creek Trail Map,https://www.google.com/maps/d/viewer?mid=1OgGZeph6Q78QSF1sr9C2HSv6AVH6Xuvo&ll=37.920842%2C-78.94760400000001&z=13,Trail Map,,,,,,,,,"Appalachian Trail, Hiking, Parking",FALSE,,False,,,,,,,,,,,,,,
Blackrock Trail,blackrock-trail,Hikes & Trails,outdoor,Wintergreen,"0.8-mile red-blazed climb on a south-facing slope showcasing mountain laurel, rose azalea, and pedlar gneiss outcrops with connections to Pedlars Edge Trail. Blackrock Trail is a steep 0.8-mile red-blazed climb over pedlar gneiss outcrops where chestnut oak, mountain laurel, and table mountain pine cling to dry slopes—rewarding hikers with rugged views each June bloom season.","<p><div class='fusion-text fusion-text-1 fusion-text-no-margin'> <strong>Miles:</strong> 0.8 <strong>Blaze Color:</strong> Red <strong>Difficulty Level:</strong> Difficult <strong>Directions:</strong> <a href='https://www.google.com/maps/dir//37.910033,-78.935035/@37.910469,-79.0048087,12z'>Google Maps</a> Google Maps </div> Blackrock Trail is located on a south-facing slope, which promotes the dry, thin soils along the pedlar gneiss rock formations. Mountain laurel, blueberry, and rose azalea thrive in this harsh environment and are in bloom during June. The dominant tree species found along the trail are chestnut oak and table mountain pine; note the way the southwest winds shape these pines. It connect to the Pedlars Edge Trail. <strong>Use caution in winter. </strong></p>",,https://ik.imagekit.io/OE/nelson-county/listings/blackrock-trail-image1_icsrDn5Xh,Forest trail with rocks and dense green foliage surrounding trees.,,,,,,,,,,,,2024-05-22,2024-06-22,"https://www.google.com/maps/dir//37.910033,-78.935035/@37.910469,-79.0048087,12z",https://www.youtube.com/watch?v=TrcrOdSjQwQ,https://www.google.com/maps/d/viewer?mid=1OgGZeph6Q78QSF1sr9C2HSv6AVH6Xuvo&ll=37.920842%2C-78.94760400000001&z=13,Trail Map,,,,,,,,,,,"Hiking, Scenic Views",FALSE,"https://www.google.com/maps/dir//37.910033,-78.935035/@37.910469,-79.0048087,12z",False,https://www.youtube.com/watch?v=TrcrOdSjQwQ,,,,,,,,,,,,,
Blue Ridge Tunnel,blue-ridge-tunnel,Hikes & Trails,outdoor,Afton,"Walk the restored 1850s Blue Ridge Railroad tunnel on a 2.25-mile crushed-gravel path with dramatic stone portals linking Afton and the Rockfish Valley. The Blue Ridge Tunnel, engineered by Claudius Crozet in the 1850s beneath Rockfish Gap, now lets hikers and cyclists travel nearly a mile through the historic rail bore between Skyline Drive and the Blue Ridge Parkway.",,,https://ik.imagekit.io/OE/nelson-county/listings/blue-ridge-tunnel-image1_PrnI6PqE9,"Cyclist with headlight in dark tunnel, wet rocky walls.",,https://ik.imagekit.io/OE/nelson-county/listings/Blue-Ridge-Tunnel-Video-Preview_orwEUvRjO.jpg,"Person holding light inside dark, arched tunnel.",,https://ik.imagekit.io/OE/nelson-county/listings/Blue-Ridge-Tunnel-Opening_QtYh0xz0N.jpg,"Stone archway entrance to dark tunnel, surrounded by rocky landscape.",,,,"483 Three Notched Mountain Hwy, Waynesboro, VA 22980",,2024-05-22,2024-06-12,,https://www.youtube.com/watch?v=9TllH8bjlHQ,https://ik.imagekit.io/OE/nelson-county/listings/Blue_Ridge_Tunnel_Map_OxY941XXoL.pdf,Blue Ridge Tunnel Map,,,About the Tunnel,"<h4>History</h4><br><br><p>The Blue Ridge Tunnel was designed by French-born engineer Claudius Crozet (1789–1864), one of the most influential transportation engineers of the 19th century. A graduate of the École Polytechnique in Paris, Crozet later taught engineering at the U.S. Military Academy at West Point and helped found the Virginia Military Institute.</p><br><br><p>As chief engineer, Crozet surveyed a rail route through Rockfish Gap to connect eastern and western Virginia. His plan included several tunnels, extensive embankments, and the nearly one-mile-long Blue Ridge Tunnel between Nelson and Augusta counties.</p><br><br><p>Construction proved far more difficult than expected due to extremely hard rock, particularly greenstone. Despite these challenges, Irish immigrant laborers successfully bored through the mountain, meeting with remarkable precision in December 1856.</p><br><br><p>The tunnel opened to rail traffic on April 13, 1858, becoming the longest railroad tunnel in North America at the time. Although Crozet had resigned shortly before its completion, his engineering vision was essential to the project’s success.</p><br><br><p>Learn more about the tunnel’s history at the <a href='https://www.blueridgetunnel.org' target='_blank'>Blue Ridge Tunnel Foundation</a>.</p>",Trail & Park Rules,"<h4>Trail & Park Rules</h4><br><br><p>The Blue Ridge Tunnel Trail is open daily from <strong>sunrise to sunset</strong>. Visitors should remain aware of other trail users, watch for uneven ground inside the tunnel, and <strong>bring flashlights or headlamps</strong> at all times.</p><br><br><p>Trailhead parking areas are small and limited. When parking areas are full, the trail is considered full. Visitors should park only in designated spaces and never along roadways. There is no overnight parking, RV parking, or camping at either trailhead.</p><br><br><p>For a less strenuous experience, including improved accessibility for wheelchair users, the <strong>east trailhead</strong> is recommended. Cyclists are also encouraged to use the east side and must always yield to pedestrians.</p><br><br><p>Help protect the natural environment by staying on designated trails and avoiding damage to plants, trees, and wildlife. Collecting plants or animals is prohibited, and visitors should pack out all trash. Feeding wildlife and releasing balloons are not allowed.</p><br><br><p>Mountain bikes are permitted only on designated roads. The use of motorized vehicles, drones, fireworks, and unmanned aircraft is prohibited. Alcohol use is not permitted, and smoking is not allowed inside the tunnel.</p><br><br><p>Overnight camping is prohibited and considered trespassing. All visitors are expected to follow Virginia law while using the trail.</p>",Trail Conditions & What to Expect,"<h4>Trail Conditions & What to Expect</h4><br><br><h5>Distance & Time</h5><br><p>At a comfortable walking pace, a hike to the western portal and back typically takes about <strong>1.5 hours</strong>. The trail is approximately <strong>2.25 miles one way</strong> and <strong>4.5 miles round trip</strong> when walking from one trailhead to the other and returning.</p><br><br><h5>Trail Surface</h5><br><p>The trail is primarily crushed gravel with some steep inclines. Inside the tunnel, the surface may be uneven due to ruts and puddles caused by constant water drip.</p><br><br><h5>Lighting & Visibility</h5><br><p>The tunnel is not lit and is very dark. A <strong>high-powered flashlight or headlamp is strongly recommended</strong> for all visitors.</p><br><br><h5>Weather & Clothing</h5><br><p>The interior of the tunnel remains cool year-round, typically between <strong>55–65°F</strong>. Water drips continuously from the ceiling and walls, so visitors should wear appropriate clothing and sturdy, comfortable shoes.</p><br><br><h5>Wet Areas & Stream Crossing</h5><br><p>Puddles are common inside the tunnel. On the west side of the trail, a concrete stream crossing may have water flowing over it during or after rainstorms. Use caution in wet conditions.</p><br><br><h5>Facilities</h5><br><p>Portable restrooms are available at both the eastern and western parking areas but are not located along the trail. There are no water fountains on the trail, so visitors should bring drinking water.</p>",Frequently Asked Questions,"<h4>Frequently Asked Questions</h4><br><br><h5>Is the trail suitable for wheelchairs?</h5><br><p>The trail surface is crushed gravel. The <strong>east trail</strong> has minimal elevation change and is generally the most accessible option. The tunnel is unlit and remains cool year-round (approximately <strong>55–65°F</strong>), with constant water dripping that can create puddles and ruts. Visitors should consider these conditions when planning their visit.</p><br><br><h5>Trail grades and accessibility details</h5><br><p><strong>East Trail to Tunnel Entrance:</strong> 0.63 miles with a gentle average grade of approximately 1.5%.</p><br><p><strong>Tunnel:</strong> Approximately 4,273 feet long with a gradual average grade of 1.3%.</p><br><p><strong>West Trail to Tunnel Entrance:</strong> Steeper terrain with sustained grades over 5% and a maximum grade of approximately 19%. This section is more challenging.</p><br><br><h5>Are dogs allowed?</h5><br><p>Yes. Dogs are permitted on the trail and in the tunnel but must be kept on a leash at all times. Owners are responsible for cleaning up after their pets.</p><br><br><h5>How long is the trail and tunnel?</h5><br><p>The full trail from one trailhead to the other is approximately <strong>2.25 miles</strong>. The tunnel itself is nearly one mile long.</p><br><p>From the east trailhead through the tunnel: approximately <strong>1.44 miles</strong>. From the west trailhead through the tunnel: approximately <strong>1.62 miles</strong>.</p><br><br><h5>Who manages the trail?</h5><br><p>The trail and tunnel are owned by Nelson County and maintained by the Nelson County Parks and Recreation Department.</p><br><br><h5>Are restrooms or amenities available?</h5><br><p>Portable restrooms are located at both the east and west trailheads. There are no restrooms or water fountains along the trail.</p><br><br><h5>What are the visiting hours?</h5><br><p>The trail and tunnel are open daily from <strong>sunrise to sunset</strong>.</p><br><br><h5>Is the tunnel lit?</h5><br><p>No. Visitors must bring <strong>high-powered flashlights or headlamps</strong> to safely travel through the tunnel.</p><br><br><h5>Can I ride a bike on the trail?</h5><br><p>Yes. Cyclists are encouraged to use the east trail, which has gentler grades. The west trail is steeper and best suited for experienced riders. Bicyclists must yield to pedestrians and be prepared for wet, uneven conditions inside the tunnel.</p>","Hiking, Biking, Family Friendly",TRUE,https://www.google.com/maps/search/?api=1&query=483%20Three%20Notched%20Mountain%20Hwy%2C%20Waynesboro%2C%20VA%2022980,False,,,38.0435911,-78.8575955,,,,,,,,,,
Brimstone Trail,brimstone-trail,Hikes & Trails,outdoor,Wintergreen,"Steep 0.8-mile red-blazed climb skirting rocky cliffs with sweeping Three Ridges views, laurel thickets, and fern-covered 'rock gardens.' Brimstone Trail tackles 0.8 miles of rocky cliffs beneath Wintergreen's Plunge, mixing steep ups and downs, laurel thickets, and sweeping views toward Three Ridges—best tackled with care during icy months.","<p><strong>Miles:</strong> 0.8 <strong>Blaze Color:</strong> Red <strong>Difficulty Level:</strong> Difficult <strong>Directions:</strong> <a href='https://goo.gl/maps/oEhTdEWe9RmN78wN8'>https://goo.gl/maps/oEhTdEWe9RmN78wN8</a> Google Maps The steep and rocky cliffs provide incredible views of Three Ridges Mountain and points to the southwest. The trail meanders below the Plunge and consists of a series of steep, short up and down sections. Mountain laurel and rhododendron cover these dry soiled slopes, along with chestnut oaks. These thickets are interrupted by “rock gardens” where rock cap fern &amp; fly poison lily grow. <strong>Use caution in winter.</strong></p>",,https://ik.imagekit.io/OE/nelson-county/listings/brimstone-trail-image1_opRNVPbgI,"Rocky trail with hiker in distance, green leaves in foreground.",,https://ik.imagekit.io/OE/nelson-county/listings/brimstone-trail-image2_zX3Kal7WOD,"Wooden sign with red and yellow text, directions to trails, gravel road background.",,,,,,,,,2024-05-22,2024-06-22,https://goo.gl/maps/oEhTdEWe9RmN78wN8,https://www.youtube.com/watch?v=C90XOQeKhLw,https://www.google.com/maps/d/viewer?mid=1OgGZeph6Q78QSF1sr9C2HSv6AVH6Xuvo&ll=37.920842%2C-78.94760400000001&z=13,Trail Map,,,,,,,,,,,"Hiking, Scenic Views",FALSE,https://www.google.com/maps/d/viewer?mid=1OgGZeph6Q78QSF1sr9C2HSv6AVH6Xuvo&amp%3Bll=37.920842%2C-78.94760400000001&amp%3Bz=13,False,https://www.youtube.com/watch?v=C90XOQeKhLw,,,,,,,,,,,,,
Cedar Ciffs North Trail,cedar-ciffs-north-trail,Hikes & Trails,outdoor,Wintergreen,"Cool, damp 0.7-mile north-facing spur paralleling Cedar Cliffs with mossy boulders, ferny slopes, and connections to the primary overlook trail.","<p><strong>Miles:</strong> 0.7 <strong>Blaze Color:</strong> Red <strong>Difficulty Level:</strong> Moderate to Difficult <strong>Directions:</strong> <a href='https://goo.gl/maps/7WU3boDV7oaX85P79'>https://goo.gl/maps/7WU3boDV7oaX85P79</a> Google Maps This trail is parallel to the Cedar Cliffs Main trail on a north- facing slope. This setting promotes cool, damp conditions. The trail is boulder strewn and provides a beautifully scenic walk. The trail is somewhat difficult but well worth the effort and is connected to the Cedar Cliffs Main Trail and overlook. <strong>Closed in winter. </strong></p>",,https://ik.imagekit.io/OE/nelson-county/listings/cedar-ciffs-north-trail-image1_43xSez7xo,"Wooden trail sign with colored text and arrow, rocky background, and greenery.",,,,,,,,,,,,2024-05-22,2024-06-22,https://goo.gl/maps/7WU3boDV7oaX85P79,https://www.youtube.com/watch?v=NMIQRgCLF4c,,,,,,,,,,,,,Hiking,FALSE,https://www.google.com/maps/d/viewer?mid=1OgGZeph6Q78QSF1sr9C2HSv6AVH6Xuvo&amp%3Bll=37.920842%2C-78.94760400000001&amp%3Bz=13,False,https://www.youtube.com/watch?v=NMIQRgCLF4c,,,,,,,,,,,,,
Chestnut Springs Trail,chestnut-springs-trail,Hikes & Trails,outdoor,Wintergreen,"1.1-mile yellow-red loop leaving Shamokin Gorge to traverse oak-hickory ridges, spring wildflowers, and stream crossings near Wintergreen.","<p><strong>Miles:</strong> 1.1 <strong>Blaze Color:</strong> Yellow-Red <strong>Difficulty Level:</strong> Moderate <strong>Directions:</strong> <a href='https://goo.gl/maps/fpNe9zxvjvkMc2Ks9'>https://goo.gl/maps/fpNe9zxvjvkMc2Ks9</a> Google Maps The north end of the trail leaves the stream and yellow birches and rhododendron of the Shamokin Gorge and enters oak-hickory forest type. As the trail enters south facing territory, several small streams cross the trail. This southern end is ideal for spring wildflowers like bloodroot, wild ginger, and violets; all of which bloom in April. Watch for stinging nettle (long pants recommended). <strong>Use caution in winter.</strong></p>",,https://ik.imagekit.io/OE/nelson-county/listings/chestnut-springs-trail-image1_QehjN4ktm,Wooden trail sign with engraved text surrounded by lush green foliage.,,,,,,,,,,,,2024-05-22,2024-06-13,https://goo.gl/maps/fpNe9zxvjvkMc2Ks9,https://www.youtube.com/watch?v=E5Fj329cUBc,https://www.google.com/maps/d/viewer?mid=1OgGZeph6Q78QSF1sr9C2HSv6AVH6Xuvo&ll=37.920842%2C-78.94760400000001&z=13,Trail Map,,,,,,,,,,,Hiking,FALSE,https://www.google.com/maps/d/viewer?mid=1OgGZeph6Q78QSF1sr9C2HSv6AVH6Xuvo&amp%3Bll=37.920842%2C-78.94760400000001&amp%3Bz=13,False,https://www.youtube.com/watch?v=E5Fj329cUBc,,,,,,,,,,,,,
